nohup: ignoring input

  .   ____          _            __ _ _
 /\\ / ___'_ __ _ _(_)_ __  __ _ \ \ \ \
( ( )\___ | '_ | '_| | '_ \/ _` | \ \ \ \
 \\/  ___)| |_)| | | | | || (_| |  ) ) ) )
  '  |____| .__|_| |_|_| |_\__, | / / / /
 =========|_|==============|___/=/_/_/_/

 :: Spring Boot ::                (v3.5.5)

2025-12-02T17:39:51.065-05:00  INFO 309067 --- [dulcecontrol-backend] [           main] c.d.bakery.DulceControlApplication       : Starting DulceControlApplication v0.0.1-SNAPSHOT using Java 17.0.16 with PID 309067 (/home/svonccy/workspaces/dulcecontrol-panaderia/dulcecontrol-backend/target/dulcecontrol-backend-0.0.1-SNAPSHOT.jar started by svonccy in /home/svonccy/workspaces/dulcecontrol-panaderia/dulcecontrol-backend)
2025-12-02T17:39:51.068-05:00 DEBUG 309067 --- [dulcecontrol-backend] [           main] c.d.bakery.DulceControlApplication       : Running with Spring Boot v3.5.5, Spring v6.2.10
2025-12-02T17:39:51.069-05:00  INFO 309067 --- [dulcecontrol-backend] [           main] c.d.bakery.DulceControlApplication       : No active profile set, falling back to 1 default profile: "default"
2025-12-02T17:39:53.771-05:00  INFO 309067 --- [dulcecontrol-backend] [           main] .s.d.r.c.RepositoryConfigurationDelegate : Bootstrapping Spring Data JPA repositories in DEFAULT mode.
2025-12-02T17:39:54.109-05:00  INFO 309067 --- [dulcecontrol-backend] [           main] .s.d.r.c.RepositoryConfigurationDelegate : Finished Spring Data repository scanning in 320 ms. Found 54 JPA repository interfaces.
2025-12-02T17:39:55.710-05:00  INFO 309067 --- [dulcecontrol-backend] [           main] o.s.b.w.embedded.tomcat.TomcatWebServer  : Tomcat initialized with port 2250 (http)
2025-12-02T17:39:55.734-05:00  INFO 309067 --- [dulcecontrol-backend] [           main] o.apache.catalina.core.StandardService   : Starting service [Tomcat]
2025-12-02T17:39:55.735-05:00  INFO 309067 --- [dulcecontrol-backend] [           main] o.apache.catalina.core.StandardEngine    : Starting Servlet engine: [Apache Tomcat/10.1.44]
2025-12-02T17:39:55.797-05:00  INFO 309067 --- [dulcecontrol-backend] [           main] o.a.c.c.C.[Tomcat].[localhost].[/]       : Initializing Spring embedded WebApplicationContext
2025-12-02T17:39:55.799-05:00  INFO 309067 --- [dulcecontrol-backend] [           main] w.s.c.ServletWebServerApplicationContext : Root WebApplicationContext: initialization completed in 4629 ms
2025-12-02T17:40:00.299-05:00  INFO 309067 --- [dulcecontrol-backend] [           main] com.zaxxer.hikari.HikariDataSource       : HikariPool-1 - Starting...
2025-12-02T17:40:00.712-05:00  INFO 309067 --- [dulcecontrol-backend] [           main] com.zaxxer.hikari.pool.HikariPool        : HikariPool-1 - Added connection com.mysql.cj.jdbc.ConnectionImpl@34fc315d
2025-12-02T17:40:00.718-05:00  INFO 309067 --- [dulcecontrol-backend] [           main] com.zaxxer.hikari.HikariDataSource       : HikariPool-1 - Start completed.
2025-12-02T17:40:00.832-05:00  INFO 309067 --- [dulcecontrol-backend] [           main] org.flywaydb.core.FlywayExecutor         : Database: jdbc:mysql://localhost:3306/pasteleria_panaderia?allowPublicKeyRetrieval=true&useSSL=false&serverTimezone=UTC (MySQL 8.0)
2025-12-02T17:40:01.188-05:00  INFO 309067 --- [dulcecontrol-backend] [           main] o.f.core.internal.command.DbValidate     : Successfully validated 33 migrations (execution time 00:00.301s)
2025-12-02T17:40:01.225-05:00  INFO 309067 --- [dulcecontrol-backend] [           main] o.f.core.internal.command.DbMigrate      : Current version of schema `pasteleria_panaderia`: 15
2025-12-02T17:40:01.232-05:00  INFO 309067 --- [dulcecontrol-backend] [           main] o.f.core.internal.command.DbMigrate      : Schema `pasteleria_panaderia` is up to date. No migration necessary.
2025-12-02T17:40:01.415-05:00  INFO 309067 --- [dulcecontrol-backend] [           main] o.hibernate.jpa.internal.util.LogHelper  : HHH000204: Processing PersistenceUnitInfo [name: default]
2025-12-02T17:40:01.530-05:00  INFO 309067 --- [dulcecontrol-backend] [           main] org.hibernate.Version                    : HHH000412: Hibernate ORM core version 6.6.26.Final
2025-12-02T17:40:01.598-05:00  INFO 309067 --- [dulcecontrol-backend] [           main] o.h.c.internal.RegionFactoryInitiator    : HHH000026: Second-level cache disabled
2025-12-02T17:40:01.893-05:00  WARN 309067 --- [dulcecontrol-backend] [           main] org.hibernate.orm.deprecation            : HHH90000025: MySQLDialect does not need to be specified explicitly using 'hibernate.dialect' (remove the property setting and it will be selected by default)
2025-12-02T17:40:01.925-05:00  INFO 309067 --- [dulcecontrol-backend] [           main] org.hibernate.orm.connections.pooling    : HHH10001005: Database info:
	Database JDBC URL [Connecting through datasource 'HikariDataSource (HikariPool-1)']
	Database driver: undefined/unknown
	Database version: 8.0.44
	Autocommit mode: undefined/unknown
	Isolation level: undefined/unknown
	Minimum pool size: undefined/unknown
	Maximum pool size: undefined/unknown
2025-12-02T17:40:02.292-05:00  INFO 309067 --- [dulcecontrol-backend] [           main] o.s.o.j.p.SpringPersistenceUnitInfo      : No LoadTimeWeaver setup: ignoring JPA class transformer
2025-12-02T17:40:05.562-05:00  INFO 309067 --- [dulcecontrol-backend] [           main] o.h.e.t.j.p.i.JtaPlatformInitiator       : HHH000489: No JTA platform available (set 'hibernate.transaction.jta.platform' to enable JTA platform integration)
2025-12-02T17:40:05.568-05:00  INFO 309067 --- [dulcecontrol-backend] [           main] j.LocalContainerEntityManagerFactoryBean : Initialized JPA EntityManagerFactory for persistence unit 'default'
2025-12-02T17:40:06.291-05:00  INFO 309067 --- [dulcecontrol-backend] [           main] o.s.d.j.r.query.QueryEnhancerFactory     : Hibernate is in classpath; If applicable, HQL parser will be used.
2025-12-02T17:40:07.942-05:00 DEBUG 309067 --- [dulcecontrol-backend] [           main] c.d.b.security.JwtAuthenticationFilter   : Filter 'jwtAuthenticationFilter' configured for use
2025-12-02T17:40:07.944-05:00 DEBUG 309067 --- [dulcecontrol-backend] [           main] c.d.b.shared.sede.SedeContextFilter      : Filter 'sedeContextFilter' configured for use
2025-12-02T17:40:11.777-05:00  INFO 309067 --- [dulcecontrol-backend] [           main] o.s.b.a.e.web.EndpointLinksResolver      : Exposing 14 endpoints beneath base path '/actuator'
2025-12-02T17:40:11.873-05:00  INFO 309067 --- [dulcecontrol-backend] [           main] r$InitializeUserDetailsManagerConfigurer : Global AuthenticationManager configured with UserDetailsService bean with name userDetailsService
2025-12-02T17:40:12.988-05:00  INFO 309067 --- [dulcecontrol-backend] [           main] o.s.b.w.embedded.tomcat.TomcatWebServer  : Tomcat started on port 2250 (http) with context path '/'
2025-12-02T17:40:13.024-05:00  INFO 309067 --- [dulcecontrol-backend] [           main] c.d.bakery.DulceControlApplication       : Started DulceControlApplication in 23.093 seconds (process running for 20.477)
2025-12-02T17:41:35.710-05:00  INFO 309067 --- [dulcecontrol-backend] [nio-2250-exec-2] o.a.c.c.C.[Tomcat].[localhost].[/]       : Initializing Spring DispatcherServlet 'dispatcherServlet'
2025-12-02T17:41:35.711-05:00  INFO 309067 --- [dulcecontrol-backend] [nio-2250-exec-2] o.s.web.servlet.DispatcherServlet        : Initializing Servlet 'dispatcherServlet'
2025-12-02T17:41:35.729-05:00  INFO 309067 --- [dulcecontrol-backend] [nio-2250-exec-2] o.s.web.servlet.DispatcherServlet        : Completed initialization in 16 ms
Hibernate: 
    select
        ut1_0.id,
        ut1_0.activo,
        ut1_0.actualizado_en,
        ut1_0.correo,
        ut1_0.creado_en,
        ut1_0.eliminado_en,
        ut1_0.hash_contrasena,
        ut1_0.nombres_doc,
        ut1_0.numero_doc,
        ut1_0.rol_id,
        ut1_0.telefono,
        ut1_0.tienda_id,
        ut1_0.tipo_doc,
        ut1_0.ultimo_acceso_en 
    from
        usuarios_tienda ut1_0 
    where
        (
            ut1_0.activo = 1
        ) 
        and ut1_0.correo=?
Hibernate: 
    select
        ut1_0.id,
        ut1_0.activo,
        ut1_0.actualizado_en,
        ut1_0.correo,
        ut1_0.creado_en,
        ut1_0.eliminado_en,
        ut1_0.hash_contrasena,
        ut1_0.nombres_doc,
        ut1_0.numero_doc,
        ut1_0.rol_id,
        ut1_0.telefono,
        ut1_0.tienda_id,
        ut1_0.tipo_doc,
        ut1_0.ultimo_acceso_en 
    from
        usuarios_tienda ut1_0 
    where
        (
            ut1_0.activo = 1
        ) 
        and ut1_0.correo=?
Hibernate: 
    select
        ut1_0.id,
        ut1_0.activo,
        ut1_0.actualizado_en,
        ut1_0.correo,
        ut1_0.creado_en,
        ut1_0.eliminado_en,
        ut1_0.hash_contrasena,
        ut1_0.nombres_doc,
        ut1_0.numero_doc,
        ut1_0.rol_id,
        ut1_0.telefono,
        ut1_0.tienda_id,
        ut1_0.tipo_doc,
        ut1_0.ultimo_acceso_en 
    from
        usuarios_tienda ut1_0 
    where
        (
            ut1_0.activo = 1
        ) 
        and ut1_0.correo=?
Hibernate: 
    select
        ut1_0.id,
        ut1_0.activo,
        ut1_0.actualizado_en,
        ut1_0.correo,
        ut1_0.creado_en,
        ut1_0.eliminado_en,
        ut1_0.hash_contrasena,
        ut1_0.nombres_doc,
        ut1_0.numero_doc,
        ut1_0.rol_id,
        ut1_0.telefono,
        ut1_0.tienda_id,
        ut1_0.tipo_doc,
        ut1_0.ultimo_acceso_en 
    from
        usuarios_tienda ut1_0 
    where
        (
            ut1_0.activo = 1
        ) 
        and ut1_0.correo=?
Hibernate: 
    select
        us1_0.sede_id,
        us1_0.usuario_id,
        us1_0.es_sede_principal 
    from
        usuario_sedes us1_0 
    where
        (
            us1_0.sede_id, us1_0.usuario_id
        ) in ((?, ?))
Hibernate: 
    select
        us1_0.sede_id,
        us1_0.usuario_id,
        us1_0.es_sede_principal 
    from
        usuario_sedes us1_0 
    where
        (
            us1_0.sede_id, us1_0.usuario_id
        ) in ((?, ?))
Hibernate: 
    select
        s1_0.id,
        s1_0.activo,
        s1_0.actualizado_en,
        s1_0.codigo_interno,
        s1_0.creado_en,
        s1_0.direccion,
        s1_0.distrito_id,
        s1_0.eliminado_en,
        s1_0.es_principal,
        s1_0.nombre,
        s1_0.telefono,
        s1_0.tienda_id 
    from
        sedes s1_0 
    where
        s1_0.id=? 
        and (
            s1_0.eliminado_en IS NULL
        )
Hibernate: 
    select
        s1_0.id,
        s1_0.activo,
        s1_0.actualizado_en,
        s1_0.codigo_interno,
        s1_0.creado_en,
        s1_0.direccion,
        s1_0.distrito_id,
        s1_0.eliminado_en,
        s1_0.es_principal,
        s1_0.nombre,
        s1_0.telefono,
        s1_0.tienda_id 
    from
        sedes s1_0 
    where
        s1_0.id=? 
        and (
            s1_0.eliminado_en IS NULL
        )
Hibernate: 
    select
        ut1_0.id,
        ut1_0.activo,
        ut1_0.actualizado_en,
        ut1_0.correo,
        ut1_0.creado_en,
        ut1_0.eliminado_en,
        ut1_0.hash_contrasena,
        ut1_0.nombres_doc,
        ut1_0.numero_doc,
        ut1_0.rol_id,
        ut1_0.telefono,
        ut1_0.tienda_id,
        ut1_0.tipo_doc,
        ut1_0.ultimo_acceso_en 
    from
        usuarios_tienda ut1_0 
    where
        (
            ut1_0.activo = 1
        ) 
        and ut1_0.tienda_id=? 
        and ut1_0.correo=?
Hibernate: 
    select
        us1_0.sede_id,
        us1_0.usuario_id,
        us1_0.es_sede_principal 
    from
        usuario_sedes us1_0 
    where
        us1_0.usuario_id=?
Hibernate: 
    select
        pp1_0.id,
        pp1_0.actualizado_en,
        pp1_0.confirmado_por,
        pp1_0.creado_en,
        pp1_0.estado,
        pp1_0.fecha_produccion,
        pp1_0.generado_por,
        pp1_0.hora_fin_real,
        pp1_0.hora_inicio_real,
        pp1_0.notas_maestro,
        pp1_0.sede_id,
        pp1_0.tienda_id 
    from
        planes_produccion pp1_0 
    where
        pp1_0.tienda_id=? 
        and pp1_0.sede_id=? 
    order by
        pp1_0.fecha_produccion desc
Hibernate: 
    select
        dpp1_0.id,
        dpp1_0.cantidad_merma,
        dpp1_0.cantidad_planificada,
        dpp1_0.cantidad_producida,
        dpp1_0.cantidad_sugerida,
        dpp1_0.detalle_pedido_id,
        dpp1_0.es_personalizado,
        dpp1_0.estado,
        dpp1_0.hora_termino,
        dpp1_0.observaciones,
        dpp1_0.origen,
        dpp1_0.pedido_cliente_id,
        dpp1_0.personalizacion_id,
        dpp1_0.plan_id,
        dpp1_0.producto_id 
    from
        detalles_plan_produccion dpp1_0 
    where
        dpp1_0.plan_id in (?, ?, ?, ?) 
    order by
        dpp1_0.plan_id,
        dpp1_0.id
Hibernate: 
    select
        s1_0.id,
        s1_0.activo,
        s1_0.actualizado_en,
        s1_0.codigo_interno,
        s1_0.creado_en,
        s1_0.direccion,
        s1_0.distrito_id,
        s1_0.eliminado_en,
        s1_0.es_principal,
        s1_0.nombre,
        s1_0.telefono,
        s1_0.tienda_id 
    from
        sedes s1_0 
    where
        (
            s1_0.eliminado_en IS NULL
        ) 
        and s1_0.id in (?) 
        and s1_0.activo
Hibernate: 
    select
        ut1_0.id,
        ut1_0.activo,
        ut1_0.actualizado_en,
        ut1_0.correo,
        ut1_0.creado_en,
        ut1_0.eliminado_en,
        ut1_0.hash_contrasena,
        ut1_0.nombres_doc,
        ut1_0.numero_doc,
        ut1_0.rol_id,
        ut1_0.telefono,
        ut1_0.tienda_id,
        ut1_0.tipo_doc,
        ut1_0.ultimo_acceso_en 
    from
        usuarios_tienda ut1_0 
    where
        (
            ut1_0.activo = 1
        ) 
        and ut1_0.correo=?
Hibernate: 
    select
        ut1_0.id,
        ut1_0.activo,
        ut1_0.actualizado_en,
        ut1_0.correo,
        ut1_0.creado_en,
        ut1_0.eliminado_en,
        ut1_0.hash_contrasena,
        ut1_0.nombres_doc,
        ut1_0.numero_doc,
        ut1_0.rol_id,
        ut1_0.telefono,
        ut1_0.tienda_id,
        ut1_0.tipo_doc,
        ut1_0.ultimo_acceso_en 
    from
        usuarios_tienda ut1_0 
    where
        (
            ut1_0.activo = 1
        ) 
        and ut1_0.correo=?
Hibernate: 
    select
        us1_0.sede_id,
        us1_0.usuario_id,
        us1_0.es_sede_principal 
    from
        usuario_sedes us1_0 
    where
        (
            us1_0.sede_id, us1_0.usuario_id
        ) in ((?, ?))
Hibernate: 
    select
        s1_0.id,
        s1_0.activo,
        s1_0.actualizado_en,
        s1_0.codigo_interno,
        s1_0.creado_en,
        s1_0.direccion,
        s1_0.distrito_id,
        s1_0.eliminado_en,
        s1_0.es_principal,
        s1_0.nombre,
        s1_0.telefono,
        s1_0.tienda_id 
    from
        sedes s1_0 
    where
        s1_0.id=? 
        and (
            s1_0.eliminado_en IS NULL
        )
Hibernate: 
    select
        pp1_0.id,
        pp1_0.actualizado_en,
        pp1_0.confirmado_por,
        pp1_0.creado_en,
        pp1_0.estado,
        pp1_0.fecha_produccion,
        pp1_0.generado_por,
        pp1_0.hora_fin_real,
        pp1_0.hora_inicio_real,
        pp1_0.notas_maestro,
        pp1_0.sede_id,
        pp1_0.tienda_id 
    from
        planes_produccion pp1_0 
    where
        pp1_0.tienda_id=? 
        and pp1_0.sede_id=? 
    order by
        pp1_0.fecha_produccion desc
Hibernate: 
    select
        dpp1_0.id,
        dpp1_0.cantidad_merma,
        dpp1_0.cantidad_planificada,
        dpp1_0.cantidad_producida,
        dpp1_0.cantidad_sugerida,
        dpp1_0.detalle_pedido_id,
        dpp1_0.es_personalizado,
        dpp1_0.estado,
        dpp1_0.hora_termino,
        dpp1_0.observaciones,
        dpp1_0.origen,
        dpp1_0.pedido_cliente_id,
        dpp1_0.personalizacion_id,
        dpp1_0.plan_id,
        dpp1_0.producto_id 
    from
        detalles_plan_produccion dpp1_0 
    where
        dpp1_0.plan_id in (?, ?, ?, ?) 
    order by
        dpp1_0.plan_id,
        dpp1_0.id
Hibernate: 
    select
        ut1_0.id,
        ut1_0.activo,
        ut1_0.actualizado_en,
        ut1_0.correo,
        ut1_0.creado_en,
        ut1_0.eliminado_en,
        ut1_0.hash_contrasena,
        ut1_0.nombres_doc,
        ut1_0.numero_doc,
        ut1_0.rol_id,
        ut1_0.telefono,
        ut1_0.tienda_id,
        ut1_0.tipo_doc,
        ut1_0.ultimo_acceso_en 
    from
        usuarios_tienda ut1_0 
    where
        (
            ut1_0.activo = 1
        ) 
        and ut1_0.correo=?
Hibernate: 
    select
        ut1_0.id,
        ut1_0.activo,
        ut1_0.actualizado_en,
        ut1_0.correo,
        ut1_0.creado_en,
        ut1_0.eliminado_en,
        ut1_0.hash_contrasena,
        ut1_0.nombres_doc,
        ut1_0.numero_doc,
        ut1_0.rol_id,
        ut1_0.telefono,
        ut1_0.tienda_id,
        ut1_0.tipo_doc,
        ut1_0.ultimo_acceso_en 
    from
        usuarios_tienda ut1_0 
    where
        (
            ut1_0.activo = 1
        ) 
        and ut1_0.correo=?
Hibernate: 
    select
        ut1_0.id,
        ut1_0.activo,
        ut1_0.actualizado_en,
        ut1_0.correo,
        ut1_0.creado_en,
        ut1_0.eliminado_en,
        ut1_0.hash_contrasena,
        ut1_0.nombres_doc,
        ut1_0.numero_doc,
        ut1_0.rol_id,
        ut1_0.telefono,
        ut1_0.tienda_id,
        ut1_0.tipo_doc,
        ut1_0.ultimo_acceso_en 
    from
        usuarios_tienda ut1_0 
    where
        (
            ut1_0.activo = 1
        ) 
        and ut1_0.correo=?
Hibernate: 
    select
        ut1_0.id,
        ut1_0.activo,
        ut1_0.actualizado_en,
        ut1_0.correo,
        ut1_0.creado_en,
        ut1_0.eliminado_en,
        ut1_0.hash_contrasena,
        ut1_0.nombres_doc,
        ut1_0.numero_doc,
        ut1_0.rol_id,
        ut1_0.telefono,
        ut1_0.tienda_id,
        ut1_0.tipo_doc,
        ut1_0.ultimo_acceso_en 
    from
        usuarios_tienda ut1_0 
    where
        (
            ut1_0.activo = 1
        ) 
        and ut1_0.correo=?
Hibernate: 
    select
        us1_0.sede_id,
        us1_0.usuario_id,
        us1_0.es_sede_principal 
    from
        usuario_sedes us1_0 
    where
        (
            us1_0.sede_id, us1_0.usuario_id
        ) in ((?, ?))
Hibernate: 
    select
        us1_0.sede_id,
        us1_0.usuario_id,
        us1_0.es_sede_principal 
    from
        usuario_sedes us1_0 
    where
        (
            us1_0.sede_id, us1_0.usuario_id
        ) in ((?, ?))
Hibernate: 
    select
        s1_0.id,
        s1_0.activo,
        s1_0.actualizado_en,
        s1_0.codigo_interno,
        s1_0.creado_en,
        s1_0.direccion,
        s1_0.distrito_id,
        s1_0.eliminado_en,
        s1_0.es_principal,
        s1_0.nombre,
        s1_0.telefono,
        s1_0.tienda_id 
    from
        sedes s1_0 
    where
        s1_0.id=? 
        and (
            s1_0.eliminado_en IS NULL
        )
Hibernate: 
    select
        s1_0.id,
        s1_0.activo,
        s1_0.actualizado_en,
        s1_0.codigo_interno,
        s1_0.creado_en,
        s1_0.direccion,
        s1_0.distrito_id,
        s1_0.eliminado_en,
        s1_0.es_principal,
        s1_0.nombre,
        s1_0.telefono,
        s1_0.tienda_id 
    from
        sedes s1_0 
    where
        s1_0.id=? 
        and (
            s1_0.eliminado_en IS NULL
        )
Hibernate: 
    select
        ut1_0.id,
        ut1_0.activo,
        ut1_0.actualizado_en,
        ut1_0.correo,
        ut1_0.creado_en,
        ut1_0.eliminado_en,
        ut1_0.hash_contrasena,
        ut1_0.nombres_doc,
        ut1_0.numero_doc,
        ut1_0.rol_id,
        ut1_0.telefono,
        ut1_0.tienda_id,
        ut1_0.tipo_doc,
        ut1_0.ultimo_acceso_en 
    from
        usuarios_tienda ut1_0 
    where
        (
            ut1_0.activo = 1
        ) 
        and ut1_0.tienda_id=? 
        and ut1_0.correo=?
Hibernate: 
    select
        pp1_0.id,
        pp1_0.actualizado_en,
        pp1_0.confirmado_por,
        pp1_0.creado_en,
        pp1_0.estado,
        pp1_0.fecha_produccion,
        pp1_0.generado_por,
        pp1_0.hora_fin_real,
        pp1_0.hora_inicio_real,
        pp1_0.notas_maestro,
        pp1_0.sede_id,
        pp1_0.tienda_id 
    from
        planes_produccion pp1_0 
    where
        pp1_0.tienda_id=? 
        and pp1_0.sede_id=? 
    order by
        pp1_0.fecha_produccion desc
Hibernate: 
    select
        us1_0.sede_id,
        us1_0.usuario_id,
        us1_0.es_sede_principal 
    from
        usuario_sedes us1_0 
    where
        us1_0.usuario_id=?
Hibernate: 
    select
        dpp1_0.id,
        dpp1_0.cantidad_merma,
        dpp1_0.cantidad_planificada,
        dpp1_0.cantidad_producida,
        dpp1_0.cantidad_sugerida,
        dpp1_0.detalle_pedido_id,
        dpp1_0.es_personalizado,
        dpp1_0.estado,
        dpp1_0.hora_termino,
        dpp1_0.observaciones,
        dpp1_0.origen,
        dpp1_0.pedido_cliente_id,
        dpp1_0.personalizacion_id,
        dpp1_0.plan_id,
        dpp1_0.producto_id 
    from
        detalles_plan_produccion dpp1_0 
    where
        dpp1_0.plan_id in (?, ?, ?, ?) 
    order by
        dpp1_0.plan_id,
        dpp1_0.id
Hibernate: 
    select
        s1_0.id,
        s1_0.activo,
        s1_0.actualizado_en,
        s1_0.codigo_interno,
        s1_0.creado_en,
        s1_0.direccion,
        s1_0.distrito_id,
        s1_0.eliminado_en,
        s1_0.es_principal,
        s1_0.nombre,
        s1_0.telefono,
        s1_0.tienda_id 
    from
        sedes s1_0 
    where
        (
            s1_0.eliminado_en IS NULL
        ) 
        and s1_0.id in (?) 
        and s1_0.activo
Hibernate: 
    select
        ut1_0.id,
        ut1_0.activo,
        ut1_0.actualizado_en,
        ut1_0.correo,
        ut1_0.creado_en,
        ut1_0.eliminado_en,
        ut1_0.hash_contrasena,
        ut1_0.nombres_doc,
        ut1_0.numero_doc,
        ut1_0.rol_id,
        ut1_0.telefono,
        ut1_0.tienda_id,
        ut1_0.tipo_doc,
        ut1_0.ultimo_acceso_en 
    from
        usuarios_tienda ut1_0 
    where
        (
            ut1_0.activo = 1
        ) 
        and ut1_0.correo=?
Hibernate: 
    select
        ut1_0.id,
        ut1_0.activo,
        ut1_0.actualizado_en,
        ut1_0.correo,
        ut1_0.creado_en,
        ut1_0.eliminado_en,
        ut1_0.hash_contrasena,
        ut1_0.nombres_doc,
        ut1_0.numero_doc,
        ut1_0.rol_id,
        ut1_0.telefono,
        ut1_0.tienda_id,
        ut1_0.tipo_doc,
        ut1_0.ultimo_acceso_en 
    from
        usuarios_tienda ut1_0 
    where
        (
            ut1_0.activo = 1
        ) 
        and ut1_0.correo=?
Hibernate: 
    select
        ut1_0.id,
        ut1_0.activo,
        ut1_0.actualizado_en,
        ut1_0.correo,
        ut1_0.creado_en,
        ut1_0.eliminado_en,
        ut1_0.hash_contrasena,
        ut1_0.nombres_doc,
        ut1_0.numero_doc,
        ut1_0.rol_id,
        ut1_0.telefono,
        ut1_0.tienda_id,
        ut1_0.tipo_doc,
        ut1_0.ultimo_acceso_en 
    from
        usuarios_tienda ut1_0 
    where
        (
            ut1_0.activo = 1
        ) 
        and ut1_0.correo=?
Hibernate: 
    select
        ut1_0.id,
        ut1_0.activo,
        ut1_0.actualizado_en,
        ut1_0.correo,
        ut1_0.creado_en,
        ut1_0.eliminado_en,
        ut1_0.hash_contrasena,
        ut1_0.nombres_doc,
        ut1_0.numero_doc,
        ut1_0.rol_id,
        ut1_0.telefono,
        ut1_0.tienda_id,
        ut1_0.tipo_doc,
        ut1_0.ultimo_acceso_en 
    from
        usuarios_tienda ut1_0 
    where
        (
            ut1_0.activo = 1
        ) 
        and ut1_0.correo=?
Hibernate: 
    select
        us1_0.sede_id,
        us1_0.usuario_id,
        us1_0.es_sede_principal 
    from
        usuario_sedes us1_0 
    where
        (
            us1_0.sede_id, us1_0.usuario_id
        ) in ((?, ?))
Hibernate: 
    select
        us1_0.sede_id,
        us1_0.usuario_id,
        us1_0.es_sede_principal 
    from
        usuario_sedes us1_0 
    where
        (
            us1_0.sede_id, us1_0.usuario_id
        ) in ((?, ?))
Hibernate: 
    select
        s1_0.id,
        s1_0.activo,
        s1_0.actualizado_en,
        s1_0.codigo_interno,
        s1_0.creado_en,
        s1_0.direccion,
        s1_0.distrito_id,
        s1_0.eliminado_en,
        s1_0.es_principal,
        s1_0.nombre,
        s1_0.telefono,
        s1_0.tienda_id 
    from
        sedes s1_0 
    where
        s1_0.id=? 
        and (
            s1_0.eliminado_en IS NULL
        )
Hibernate: 
    select
        s1_0.id,
        s1_0.activo,
        s1_0.actualizado_en,
        s1_0.codigo_interno,
        s1_0.creado_en,
        s1_0.direccion,
        s1_0.distrito_id,
        s1_0.eliminado_en,
        s1_0.es_principal,
        s1_0.nombre,
        s1_0.telefono,
        s1_0.tienda_id 
    from
        sedes s1_0 
    where
        s1_0.id=? 
        and (
            s1_0.eliminado_en IS NULL
        )
Hibernate: 
    select
        si1_0.id,
        si1_0.actualizado_en,
        si1_0.cantidad_ideal,
        si1_0.producto_id,
        si1_0.punto_reposicion,
        si1_0.sede_id,
        si1_0.tienda_id 
    from
        stock_ideal si1_0 
    where
        si1_0.tienda_id=? 
        and si1_0.sede_id=?
Hibernate: 
    select
        p1_0.id,
        p1_0.activo,
        p1_0.actualizado_en,
        p1_0.atributos,
        p1_0.categoria_id,
        p1_0.creado_en,
        p1_0.descripcion,
        p1_0.destacado_storefront,
        p1_0.es_personalizable,
        p1_0.imagenes_galeria,
        p1_0.nombre,
        p1_0.precio_base_centimos,
        p1_0.precio_oferta_centimos,
        p1_0.sku,
        p1_0.slug,
        p1_0.tienda_id,
        p1_0.tipo,
        p1_0.url_imagen_principal,
        p1_0.visible_en_pos,
        p1_0.visible_en_storefront 
    from
        productos p1_0 
    where
        (
            p1_0.activo = 1
        ) 
        and p1_0.tienda_id=? 
    order by
        p1_0.nombre
Hibernate: 
    select
        c1_0.id,
        c1_0.activa,
        c1_0.creado_en,
        c1_0.descripcion,
        c1_0.icono,
        c1_0.nombre,
        c1_0.orden_visual,
        c1_0.slug,
        c1_0.tienda_id,
        c1_0.url_imagen 
    from
        categorias c1_0 
    where
        c1_0.id=? 
        and (
            c1_0.activa = 1
        )
Hibernate: 
    select
        c1_0.id,
        c1_0.activa,
        c1_0.creado_en,
        c1_0.descripcion,
        c1_0.icono,
        c1_0.nombre,
        c1_0.orden_visual,
        c1_0.slug,
        c1_0.tienda_id,
        c1_0.url_imagen 
    from
        categorias c1_0 
    where
        c1_0.id=? 
        and (
            c1_0.activa = 1
        )
Hibernate: 
    select
        c1_0.id,
        c1_0.activa,
        c1_0.creado_en,
        c1_0.descripcion,
        c1_0.icono,
        c1_0.nombre,
        c1_0.orden_visual,
        c1_0.slug,
        c1_0.tienda_id,
        c1_0.url_imagen 
    from
        categorias c1_0 
    where
        c1_0.id=? 
        and (
            c1_0.activa = 1
        )
Hibernate: 
    select
        c1_0.id,
        c1_0.activa,
        c1_0.creado_en,
        c1_0.descripcion,
        c1_0.icono,
        c1_0.nombre,
        c1_0.orden_visual,
        c1_0.slug,
        c1_0.tienda_id,
        c1_0.url_imagen 
    from
        categorias c1_0 
    where
        c1_0.id=? 
        and (
            c1_0.activa = 1
        )
Hibernate: 
    select
        ut1_0.id,
        ut1_0.activo,
        ut1_0.actualizado_en,
        ut1_0.correo,
        ut1_0.creado_en,
        ut1_0.eliminado_en,
        ut1_0.hash_contrasena,
        ut1_0.nombres_doc,
        ut1_0.numero_doc,
        ut1_0.rol_id,
        ut1_0.telefono,
        ut1_0.tienda_id,
        ut1_0.tipo_doc,
        ut1_0.ultimo_acceso_en 
    from
        usuarios_tienda ut1_0 
    where
        (
            ut1_0.activo = 1
        ) 
        and ut1_0.correo=?
Hibernate: 
    select
        ut1_0.id,
        ut1_0.activo,
        ut1_0.actualizado_en,
        ut1_0.correo,
        ut1_0.creado_en,
        ut1_0.eliminado_en,
        ut1_0.hash_contrasena,
        ut1_0.nombres_doc,
        ut1_0.numero_doc,
        ut1_0.rol_id,
        ut1_0.telefono,
        ut1_0.tienda_id,
        ut1_0.tipo_doc,
        ut1_0.ultimo_acceso_en 
    from
        usuarios_tienda ut1_0 
    where
        (
            ut1_0.activo = 1
        ) 
        and ut1_0.correo=?
Hibernate: 
    select
        us1_0.sede_id,
        us1_0.usuario_id,
        us1_0.es_sede_principal 
    from
        usuario_sedes us1_0 
    where
        (
            us1_0.sede_id, us1_0.usuario_id
        ) in ((?, ?))
Hibernate: 
    select
        ut1_0.id,
        ut1_0.activo,
        ut1_0.actualizado_en,
        ut1_0.correo,
        ut1_0.creado_en,
        ut1_0.eliminado_en,
        ut1_0.hash_contrasena,
        ut1_0.nombres_doc,
        ut1_0.numero_doc,
        ut1_0.rol_id,
        ut1_0.telefono,
        ut1_0.tienda_id,
        ut1_0.tipo_doc,
        ut1_0.ultimo_acceso_en 
    from
        usuarios_tienda ut1_0 
    where
        (
            ut1_0.activo = 1
        ) 
        and ut1_0.correo=?
Hibernate: 
    select
        ut1_0.id,
        ut1_0.activo,
        ut1_0.actualizado_en,
        ut1_0.correo,
        ut1_0.creado_en,
        ut1_0.eliminado_en,
        ut1_0.hash_contrasena,
        ut1_0.nombres_doc,
        ut1_0.numero_doc,
        ut1_0.rol_id,
        ut1_0.telefono,
        ut1_0.tienda_id,
        ut1_0.tipo_doc,
        ut1_0.ultimo_acceso_en 
    from
        usuarios_tienda ut1_0 
    where
        (
            ut1_0.activo = 1
        ) 
        and ut1_0.correo=?
Hibernate: 
    select
        s1_0.id,
        s1_0.activo,
        s1_0.actualizado_en,
        s1_0.codigo_interno,
        s1_0.creado_en,
        s1_0.direccion,
        s1_0.distrito_id,
        s1_0.eliminado_en,
        s1_0.es_principal,
        s1_0.nombre,
        s1_0.telefono,
        s1_0.tienda_id 
    from
        sedes s1_0 
    where
        s1_0.id=? 
        and (
            s1_0.eliminado_en IS NULL
        )
Hibernate: 
    select
        us1_0.sede_id,
        us1_0.usuario_id,
        us1_0.es_sede_principal 
    from
        usuario_sedes us1_0 
    where
        (
            us1_0.sede_id, us1_0.usuario_id
        ) in ((?, ?))
Hibernate: 
    select
        s1_0.id,
        s1_0.activo,
        s1_0.actualizado_en,
        s1_0.codigo_interno,
        s1_0.creado_en,
        s1_0.direccion,
        s1_0.distrito_id,
        s1_0.eliminado_en,
        s1_0.es_principal,
        s1_0.nombre,
        s1_0.telefono,
        s1_0.tienda_id 
    from
        sedes s1_0 
    where
        s1_0.id=? 
        and (
            s1_0.eliminado_en IS NULL
        )
Hibernate: 
    select
        p1_0.id,
        p1_0.activo,
        p1_0.actualizado_en,
        p1_0.atributos,
        p1_0.categoria_id,
        p1_0.creado_en,
        p1_0.descripcion,
        p1_0.destacado_storefront,
        p1_0.es_personalizable,
        p1_0.imagenes_galeria,
        p1_0.nombre,
        p1_0.precio_base_centimos,
        p1_0.precio_oferta_centimos,
        p1_0.sku,
        p1_0.slug,
        p1_0.tienda_id,
        p1_0.tipo,
        p1_0.url_imagen_principal,
        p1_0.visible_en_pos,
        p1_0.visible_en_storefront 
    from
        productos p1_0 
    where
        (
            p1_0.activo = 1
        ) 
        and p1_0.tienda_id=? 
    order by
        p1_0.nombre
Hibernate: 
    select
        si1_0.id,
        si1_0.actualizado_en,
        si1_0.cantidad_ideal,
        si1_0.producto_id,
        si1_0.punto_reposicion,
        si1_0.sede_id,
        si1_0.tienda_id 
    from
        stock_ideal si1_0 
    where
        si1_0.tienda_id=? 
        and si1_0.sede_id=?
Hibernate: 
    select
        c1_0.id,
        c1_0.activa,
        c1_0.creado_en,
        c1_0.descripcion,
        c1_0.icono,
        c1_0.nombre,
        c1_0.orden_visual,
        c1_0.slug,
        c1_0.tienda_id,
        c1_0.url_imagen 
    from
        categorias c1_0 
    where
        c1_0.id=? 
        and (
            c1_0.activa = 1
        )
Hibernate: 
    select
        c1_0.id,
        c1_0.activa,
        c1_0.creado_en,
        c1_0.descripcion,
        c1_0.icono,
        c1_0.nombre,
        c1_0.orden_visual,
        c1_0.slug,
        c1_0.tienda_id,
        c1_0.url_imagen 
    from
        categorias c1_0 
    where
        c1_0.id=? 
        and (
            c1_0.activa = 1
        )
Hibernate: 
    select
        c1_0.id,
        c1_0.activa,
        c1_0.creado_en,
        c1_0.descripcion,
        c1_0.icono,
        c1_0.nombre,
        c1_0.orden_visual,
        c1_0.slug,
        c1_0.tienda_id,
        c1_0.url_imagen 
    from
        categorias c1_0 
    where
        c1_0.id=? 
        and (
            c1_0.activa = 1
        )
Hibernate: 
    select
        c1_0.id,
        c1_0.activa,
        c1_0.creado_en,
        c1_0.descripcion,
        c1_0.icono,
        c1_0.nombre,
        c1_0.orden_visual,
        c1_0.slug,
        c1_0.tienda_id,
        c1_0.url_imagen 
    from
        categorias c1_0 
    where
        c1_0.id=? 
        and (
            c1_0.activa = 1
        )
Hibernate: 
    select
        ut1_0.id,
        ut1_0.activo,
        ut1_0.actualizado_en,
        ut1_0.correo,
        ut1_0.creado_en,
        ut1_0.eliminado_en,
        ut1_0.hash_contrasena,
        ut1_0.nombres_doc,
        ut1_0.numero_doc,
        ut1_0.rol_id,
        ut1_0.telefono,
        ut1_0.tienda_id,
        ut1_0.tipo_doc,
        ut1_0.ultimo_acceso_en 
    from
        usuarios_tienda ut1_0 
    where
        (
            ut1_0.activo = 1
        ) 
        and ut1_0.correo=?
Hibernate: 
    select
        ut1_0.id,
        ut1_0.activo,
        ut1_0.actualizado_en,
        ut1_0.correo,
        ut1_0.creado_en,
        ut1_0.eliminado_en,
        ut1_0.hash_contrasena,
        ut1_0.nombres_doc,
        ut1_0.numero_doc,
        ut1_0.rol_id,
        ut1_0.telefono,
        ut1_0.tienda_id,
        ut1_0.tipo_doc,
        ut1_0.ultimo_acceso_en 
    from
        usuarios_tienda ut1_0 
    where
        (
            ut1_0.activo = 1
        ) 
        and ut1_0.correo=?
Hibernate: 
    select
        us1_0.sede_id,
        us1_0.usuario_id,
        us1_0.es_sede_principal 
    from
        usuario_sedes us1_0 
    where
        (
            us1_0.sede_id, us1_0.usuario_id
        ) in ((?, ?))
Hibernate: 
    select
        s1_0.id,
        s1_0.activo,
        s1_0.actualizado_en,
        s1_0.codigo_interno,
        s1_0.creado_en,
        s1_0.direccion,
        s1_0.distrito_id,
        s1_0.eliminado_en,
        s1_0.es_principal,
        s1_0.nombre,
        s1_0.telefono,
        s1_0.tienda_id 
    from
        sedes s1_0 
    where
        s1_0.id=? 
        and (
            s1_0.eliminado_en IS NULL
        )
Hibernate: 
    select
        pp1_0.id,
        pp1_0.actualizado_en,
        pp1_0.confirmado_por,
        pp1_0.creado_en,
        pp1_0.estado,
        pp1_0.fecha_produccion,
        pp1_0.generado_por,
        pp1_0.hora_fin_real,
        pp1_0.hora_inicio_real,
        pp1_0.notas_maestro,
        pp1_0.sede_id,
        pp1_0.tienda_id 
    from
        planes_produccion pp1_0 
    where
        pp1_0.tienda_id=? 
        and pp1_0.sede_id=? 
    order by
        pp1_0.fecha_produccion desc
Hibernate: 
    select
        dpp1_0.id,
        dpp1_0.cantidad_merma,
        dpp1_0.cantidad_planificada,
        dpp1_0.cantidad_producida,
        dpp1_0.cantidad_sugerida,
        dpp1_0.detalle_pedido_id,
        dpp1_0.es_personalizado,
        dpp1_0.estado,
        dpp1_0.hora_termino,
        dpp1_0.observaciones,
        dpp1_0.origen,
        dpp1_0.pedido_cliente_id,
        dpp1_0.personalizacion_id,
        dpp1_0.plan_id,
        dpp1_0.producto_id 
    from
        detalles_plan_produccion dpp1_0 
    where
        dpp1_0.plan_id in (?, ?, ?, ?) 
    order by
        dpp1_0.plan_id,
        dpp1_0.id
Hibernate: 
    select
        ut1_0.id,
        ut1_0.activo,
        ut1_0.actualizado_en,
        ut1_0.correo,
        ut1_0.creado_en,
        ut1_0.eliminado_en,
        ut1_0.hash_contrasena,
        ut1_0.nombres_doc,
        ut1_0.numero_doc,
        ut1_0.rol_id,
        ut1_0.telefono,
        ut1_0.tienda_id,
        ut1_0.tipo_doc,
        ut1_0.ultimo_acceso_en 
    from
        usuarios_tienda ut1_0 
    where
        (
            ut1_0.activo = 1
        ) 
        and ut1_0.correo=?
Hibernate: 
    select
        ut1_0.id,
        ut1_0.activo,
        ut1_0.actualizado_en,
        ut1_0.correo,
        ut1_0.creado_en,
        ut1_0.eliminado_en,
        ut1_0.hash_contrasena,
        ut1_0.nombres_doc,
        ut1_0.numero_doc,
        ut1_0.rol_id,
        ut1_0.telefono,
        ut1_0.tienda_id,
        ut1_0.tipo_doc,
        ut1_0.ultimo_acceso_en 
    from
        usuarios_tienda ut1_0 
    where
        (
            ut1_0.activo = 1
        ) 
        and ut1_0.correo=?
Hibernate: 
    select
        us1_0.sede_id,
        us1_0.usuario_id,
        us1_0.es_sede_principal 
    from
        usuario_sedes us1_0 
    where
        (
            us1_0.sede_id, us1_0.usuario_id
        ) in ((?, ?))
Hibernate: 
    select
        s1_0.id,
        s1_0.activo,
        s1_0.actualizado_en,
        s1_0.codigo_interno,
        s1_0.creado_en,
        s1_0.direccion,
        s1_0.distrito_id,
        s1_0.eliminado_en,
        s1_0.es_principal,
        s1_0.nombre,
        s1_0.telefono,
        s1_0.tienda_id 
    from
        sedes s1_0 
    where
        s1_0.id=? 
        and (
            s1_0.eliminado_en IS NULL
        )
Hibernate: 
    select
        pp1_0.id,
        pp1_0.actualizado_en,
        pp1_0.confirmado_por,
        pp1_0.creado_en,
        pp1_0.estado,
        pp1_0.fecha_produccion,
        pp1_0.generado_por,
        pp1_0.hora_fin_real,
        pp1_0.hora_inicio_real,
        pp1_0.notas_maestro,
        pp1_0.sede_id,
        pp1_0.tienda_id 
    from
        planes_produccion pp1_0 
    where
        pp1_0.tienda_id=? 
        and pp1_0.sede_id=? 
    order by
        pp1_0.fecha_produccion desc
Hibernate: 
    select
        dpp1_0.id,
        dpp1_0.cantidad_merma,
        dpp1_0.cantidad_planificada,
        dpp1_0.cantidad_producida,
        dpp1_0.cantidad_sugerida,
        dpp1_0.detalle_pedido_id,
        dpp1_0.es_personalizado,
        dpp1_0.estado,
        dpp1_0.hora_termino,
        dpp1_0.observaciones,
        dpp1_0.origen,
        dpp1_0.pedido_cliente_id,
        dpp1_0.personalizacion_id,
        dpp1_0.plan_id,
        dpp1_0.producto_id 
    from
        detalles_plan_produccion dpp1_0 
    where
        dpp1_0.plan_id in (?, ?, ?, ?) 
    order by
        dpp1_0.plan_id,
        dpp1_0.id
Hibernate: 
    select
        ut1_0.id,
        ut1_0.activo,
        ut1_0.actualizado_en,
        ut1_0.correo,
        ut1_0.creado_en,
        ut1_0.eliminado_en,
        ut1_0.hash_contrasena,
        ut1_0.nombres_doc,
        ut1_0.numero_doc,
        ut1_0.rol_id,
        ut1_0.telefono,
        ut1_0.tienda_id,
        ut1_0.tipo_doc,
        ut1_0.ultimo_acceso_en 
    from
        usuarios_tienda ut1_0 
    where
        (
            ut1_0.activo = 1
        ) 
        and ut1_0.correo=?
Hibernate: 
    select
        ut1_0.id,
        ut1_0.activo,
        ut1_0.actualizado_en,
        ut1_0.correo,
        ut1_0.creado_en,
        ut1_0.eliminado_en,
        ut1_0.hash_contrasena,
        ut1_0.nombres_doc,
        ut1_0.numero_doc,
        ut1_0.rol_id,
        ut1_0.telefono,
        ut1_0.tienda_id,
        ut1_0.tipo_doc,
        ut1_0.ultimo_acceso_en 
    from
        usuarios_tienda ut1_0 
    where
        (
            ut1_0.activo = 1
        ) 
        and ut1_0.correo=?
Hibernate: 
    select
        us1_0.sede_id,
        us1_0.usuario_id,
        us1_0.es_sede_principal 
    from
        usuario_sedes us1_0 
    where
        (
            us1_0.sede_id, us1_0.usuario_id
        ) in ((?, ?))
Hibernate: 
    select
        s1_0.id,
        s1_0.activo,
        s1_0.actualizado_en,
        s1_0.codigo_interno,
        s1_0.creado_en,
        s1_0.direccion,
        s1_0.distrito_id,
        s1_0.eliminado_en,
        s1_0.es_principal,
        s1_0.nombre,
        s1_0.telefono,
        s1_0.tienda_id 
    from
        sedes s1_0 
    where
        s1_0.id=? 
        and (
            s1_0.eliminado_en IS NULL
        )
Hibernate: 
    select
        c1_0.id,
        c1_0.activo,
        c1_0.actualizado_en,
        c1_0.creado_en,
        c1_0.email,
        c1_0.es_usuario_virtual,
        c1_0.hash_contrasena,
        c1_0.nombre_doc,
        c1_0.notas,
        c1_0.numero_doc,
        c1_0.telefono,
        c1_0.tienda_id,
        c1_0.tipo_doc 
    from
        clientes c1_0 
    where
        (
            c1_0.activo = 1
        ) 
        and c1_0.tienda_id=?
Hibernate: 
    select
        ut1_0.id,
        ut1_0.activo,
        ut1_0.actualizado_en,
        ut1_0.correo,
        ut1_0.creado_en,
        ut1_0.eliminado_en,
        ut1_0.hash_contrasena,
        ut1_0.nombres_doc,
        ut1_0.numero_doc,
        ut1_0.rol_id,
        ut1_0.telefono,
        ut1_0.tienda_id,
        ut1_0.tipo_doc,
        ut1_0.ultimo_acceso_en 
    from
        usuarios_tienda ut1_0 
    where
        (
            ut1_0.activo = 1
        ) 
        and ut1_0.correo=?
Hibernate: 
    select
        ut1_0.id,
        ut1_0.activo,
        ut1_0.actualizado_en,
        ut1_0.correo,
        ut1_0.creado_en,
        ut1_0.eliminado_en,
        ut1_0.hash_contrasena,
        ut1_0.nombres_doc,
        ut1_0.numero_doc,
        ut1_0.rol_id,
        ut1_0.telefono,
        ut1_0.tienda_id,
        ut1_0.tipo_doc,
        ut1_0.ultimo_acceso_en 
    from
        usuarios_tienda ut1_0 
    where
        (
            ut1_0.activo = 1
        ) 
        and ut1_0.correo=?
Hibernate: 
    select
        ut1_0.id,
        ut1_0.activo,
        ut1_0.actualizado_en,
        ut1_0.correo,
        ut1_0.creado_en,
        ut1_0.eliminado_en,
        ut1_0.hash_contrasena,
        ut1_0.nombres_doc,
        ut1_0.numero_doc,
        ut1_0.rol_id,
        ut1_0.telefono,
        ut1_0.tienda_id,
        ut1_0.tipo_doc,
        ut1_0.ultimo_acceso_en 
    from
        usuarios_tienda ut1_0 
    where
        (
            ut1_0.activo = 1
        ) 
        and ut1_0.correo=?
Hibernate: 
    select
        ut1_0.id,
        ut1_0.activo,
        ut1_0.actualizado_en,
        ut1_0.correo,
        ut1_0.creado_en,
        ut1_0.eliminado_en,
        ut1_0.hash_contrasena,
        ut1_0.nombres_doc,
        ut1_0.numero_doc,
        ut1_0.rol_id,
        ut1_0.telefono,
        ut1_0.tienda_id,
        ut1_0.tipo_doc,
        ut1_0.ultimo_acceso_en 
    from
        usuarios_tienda ut1_0 
    where
        (
            ut1_0.activo = 1
        ) 
        and ut1_0.correo=?
Hibernate: 
    select
        us1_0.sede_id,
        us1_0.usuario_id,
        us1_0.es_sede_principal 
    from
        usuario_sedes us1_0 
    where
        (
            us1_0.sede_id, us1_0.usuario_id
        ) in ((?, ?))
Hibernate: 
    select
        us1_0.sede_id,
        us1_0.usuario_id,
        us1_0.es_sede_principal 
    from
        usuario_sedes us1_0 
    where
        (
            us1_0.sede_id, us1_0.usuario_id
        ) in ((?, ?))
Hibernate: 
    select
        s1_0.id,
        s1_0.activo,
        s1_0.actualizado_en,
        s1_0.codigo_interno,
        s1_0.creado_en,
        s1_0.direccion,
        s1_0.distrito_id,
        s1_0.eliminado_en,
        s1_0.es_principal,
        s1_0.nombre,
        s1_0.telefono,
        s1_0.tienda_id 
    from
        sedes s1_0 
    where
        s1_0.id=? 
        and (
            s1_0.eliminado_en IS NULL
        )
Hibernate: 
    select
        s1_0.id,
        s1_0.activo,
        s1_0.actualizado_en,
        s1_0.codigo_interno,
        s1_0.creado_en,
        s1_0.direccion,
        s1_0.distrito_id,
        s1_0.eliminado_en,
        s1_0.es_principal,
        s1_0.nombre,
        s1_0.telefono,
        s1_0.tienda_id 
    from
        sedes s1_0 
    where
        s1_0.id=? 
        and (
            s1_0.eliminado_en IS NULL
        )
Hibernate: 
    select
        ut1_0.id,
        ut1_0.activo,
        ut1_0.actualizado_en,
        ut1_0.correo,
        ut1_0.creado_en,
        ut1_0.eliminado_en,
        ut1_0.hash_contrasena,
        ut1_0.nombres_doc,
        ut1_0.numero_doc,
        ut1_0.rol_id,
        ut1_0.telefono,
        ut1_0.tienda_id,
        ut1_0.tipo_doc,
        ut1_0.ultimo_acceso_en 
    from
        usuarios_tienda ut1_0 
    where
        (
            ut1_0.activo = 1
        ) 
        and ut1_0.tienda_id=? 
        and ut1_0.correo=?
Hibernate: 
    select
        c1_0.id,
        c1_0.activo,
        c1_0.actualizado_en,
        c1_0.creado_en,
        c1_0.email,
        c1_0.es_usuario_virtual,
        c1_0.hash_contrasena,
        c1_0.nombre_doc,
        c1_0.notas,
        c1_0.numero_doc,
        c1_0.telefono,
        c1_0.tienda_id,
        c1_0.tipo_doc 
    from
        clientes c1_0 
    where
        (
            c1_0.activo = 1
        ) 
        and c1_0.tienda_id=?
Hibernate: 
    select
        us1_0.sede_id,
        us1_0.usuario_id,
        us1_0.es_sede_principal 
    from
        usuario_sedes us1_0 
    where
        us1_0.usuario_id=?
Hibernate: 
    select
        s1_0.id,
        s1_0.activo,
        s1_0.actualizado_en,
        s1_0.codigo_interno,
        s1_0.creado_en,
        s1_0.direccion,
        s1_0.distrito_id,
        s1_0.eliminado_en,
        s1_0.es_principal,
        s1_0.nombre,
        s1_0.telefono,
        s1_0.tienda_id 
    from
        sedes s1_0 
    where
        (
            s1_0.eliminado_en IS NULL
        ) 
        and s1_0.id in (?) 
        and s1_0.activo
Hibernate: 
    select
        ut1_0.id,
        ut1_0.activo,
        ut1_0.actualizado_en,
        ut1_0.correo,
        ut1_0.creado_en,
        ut1_0.eliminado_en,
        ut1_0.hash_contrasena,
        ut1_0.nombres_doc,
        ut1_0.numero_doc,
        ut1_0.rol_id,
        ut1_0.telefono,
        ut1_0.tienda_id,
        ut1_0.tipo_doc,
        ut1_0.ultimo_acceso_en 
    from
        usuarios_tienda ut1_0 
    where
        (
            ut1_0.activo = 1
        ) 
        and ut1_0.correo=?
Hibernate: 
    select
        ut1_0.id,
        ut1_0.activo,
        ut1_0.actualizado_en,
        ut1_0.correo,
        ut1_0.creado_en,
        ut1_0.eliminado_en,
        ut1_0.hash_contrasena,
        ut1_0.nombres_doc,
        ut1_0.numero_doc,
        ut1_0.rol_id,
        ut1_0.telefono,
        ut1_0.tienda_id,
        ut1_0.tipo_doc,
        ut1_0.ultimo_acceso_en 
    from
        usuarios_tienda ut1_0 
    where
        (
            ut1_0.activo = 1
        ) 
        and ut1_0.correo=?
Hibernate: 
    select
        us1_0.sede_id,
        us1_0.usuario_id,
        us1_0.es_sede_principal 
    from
        usuario_sedes us1_0 
    where
        (
            us1_0.sede_id, us1_0.usuario_id
        ) in ((?, ?))
Hibernate: 
    select
        s1_0.id,
        s1_0.activo,
        s1_0.actualizado_en,
        s1_0.codigo_interno,
        s1_0.creado_en,
        s1_0.direccion,
        s1_0.distrito_id,
        s1_0.eliminado_en,
        s1_0.es_principal,
        s1_0.nombre,
        s1_0.telefono,
        s1_0.tienda_id 
    from
        sedes s1_0 
    where
        s1_0.id=? 
        and (
            s1_0.eliminado_en IS NULL
        )
Hibernate: 
    select
        pp1_0.id,
        pp1_0.actualizado_en,
        pp1_0.confirmado_por,
        pp1_0.creado_en,
        pp1_0.estado,
        pp1_0.fecha_produccion,
        pp1_0.generado_por,
        pp1_0.hora_fin_real,
        pp1_0.hora_inicio_real,
        pp1_0.notas_maestro,
        pp1_0.sede_id,
        pp1_0.tienda_id 
    from
        planes_produccion pp1_0 
    where
        pp1_0.tienda_id=? 
        and pp1_0.sede_id=? 
    order by
        pp1_0.fecha_produccion desc
Hibernate: 
    select
        dpp1_0.id,
        dpp1_0.cantidad_merma,
        dpp1_0.cantidad_planificada,
        dpp1_0.cantidad_producida,
        dpp1_0.cantidad_sugerida,
        dpp1_0.detalle_pedido_id,
        dpp1_0.es_personalizado,
        dpp1_0.estado,
        dpp1_0.hora_termino,
        dpp1_0.observaciones,
        dpp1_0.origen,
        dpp1_0.pedido_cliente_id,
        dpp1_0.personalizacion_id,
        dpp1_0.plan_id,
        dpp1_0.producto_id 
    from
        detalles_plan_produccion dpp1_0 
    where
        dpp1_0.plan_id in (?, ?, ?, ?) 
    order by
        dpp1_0.plan_id,
        dpp1_0.id
Hibernate: 
    select
        ut1_0.id,
        ut1_0.activo,
        ut1_0.actualizado_en,
        ut1_0.correo,
        ut1_0.creado_en,
        ut1_0.eliminado_en,
        ut1_0.hash_contrasena,
        ut1_0.nombres_doc,
        ut1_0.numero_doc,
        ut1_0.rol_id,
        ut1_0.telefono,
        ut1_0.tienda_id,
        ut1_0.tipo_doc,
        ut1_0.ultimo_acceso_en 
    from
        usuarios_tienda ut1_0 
    where
        (
            ut1_0.activo = 1
        ) 
        and ut1_0.correo=?
Hibernate: 
    select
        ut1_0.id,
        ut1_0.activo,
        ut1_0.actualizado_en,
        ut1_0.correo,
        ut1_0.creado_en,
        ut1_0.eliminado_en,
        ut1_0.hash_contrasena,
        ut1_0.nombres_doc,
        ut1_0.numero_doc,
        ut1_0.rol_id,
        ut1_0.telefono,
        ut1_0.tienda_id,
        ut1_0.tipo_doc,
        ut1_0.ultimo_acceso_en 
    from
        usuarios_tienda ut1_0 
    where
        (
            ut1_0.activo = 1
        ) 
        and ut1_0.correo=?
Hibernate: 
    select
        us1_0.sede_id,
        us1_0.usuario_id,
        us1_0.es_sede_principal 
    from
        usuario_sedes us1_0 
    where
        (
            us1_0.sede_id, us1_0.usuario_id
        ) in ((?, ?))
Hibernate: 
    select
        s1_0.id,
        s1_0.activo,
        s1_0.actualizado_en,
        s1_0.codigo_interno,
        s1_0.creado_en,
        s1_0.direccion,
        s1_0.distrito_id,
        s1_0.eliminado_en,
        s1_0.es_principal,
        s1_0.nombre,
        s1_0.telefono,
        s1_0.tienda_id 
    from
        sedes s1_0 
    where
        s1_0.id=? 
        and (
            s1_0.eliminado_en IS NULL
        )
Hibernate: 
    select
        pp1_0.id,
        pp1_0.actualizado_en,
        pp1_0.confirmado_por,
        pp1_0.creado_en,
        pp1_0.estado,
        pp1_0.fecha_produccion,
        pp1_0.generado_por,
        pp1_0.hora_fin_real,
        pp1_0.hora_inicio_real,
        pp1_0.notas_maestro,
        pp1_0.sede_id,
        pp1_0.tienda_id 
    from
        planes_produccion pp1_0 
    where
        pp1_0.tienda_id=? 
        and pp1_0.sede_id=? 
    order by
        pp1_0.fecha_produccion desc
Hibernate: 
    select
        dpp1_0.id,
        dpp1_0.cantidad_merma,
        dpp1_0.cantidad_planificada,
        dpp1_0.cantidad_producida,
        dpp1_0.cantidad_sugerida,
        dpp1_0.detalle_pedido_id,
        dpp1_0.es_personalizado,
        dpp1_0.estado,
        dpp1_0.hora_termino,
        dpp1_0.observaciones,
        dpp1_0.origen,
        dpp1_0.pedido_cliente_id,
        dpp1_0.personalizacion_id,
        dpp1_0.plan_id,
        dpp1_0.producto_id 
    from
        detalles_plan_produccion dpp1_0 
    where
        dpp1_0.plan_id in (?, ?, ?, ?) 
    order by
        dpp1_0.plan_id,
        dpp1_0.id
Hibernate: 
    select
        ut1_0.id,
        ut1_0.activo,
        ut1_0.actualizado_en,
        ut1_0.correo,
        ut1_0.creado_en,
        ut1_0.eliminado_en,
        ut1_0.hash_contrasena,
        ut1_0.nombres_doc,
        ut1_0.numero_doc,
        ut1_0.rol_id,
        ut1_0.telefono,
        ut1_0.tienda_id,
        ut1_0.tipo_doc,
        ut1_0.ultimo_acceso_en 
    from
        usuarios_tienda ut1_0 
    where
        (
            ut1_0.activo = 1
        ) 
        and ut1_0.correo=?
Hibernate: 
    select
        ut1_0.id,
        ut1_0.activo,
        ut1_0.actualizado_en,
        ut1_0.correo,
        ut1_0.creado_en,
        ut1_0.eliminado_en,
        ut1_0.hash_contrasena,
        ut1_0.nombres_doc,
        ut1_0.numero_doc,
        ut1_0.rol_id,
        ut1_0.telefono,
        ut1_0.tienda_id,
        ut1_0.tipo_doc,
        ut1_0.ultimo_acceso_en 
    from
        usuarios_tienda ut1_0 
    where
        (
            ut1_0.activo = 1
        ) 
        and ut1_0.correo=?
Hibernate: 
    select
        us1_0.sede_id,
        us1_0.usuario_id,
        us1_0.es_sede_principal 
    from
        usuario_sedes us1_0 
    where
        (
            us1_0.sede_id, us1_0.usuario_id
        ) in ((?, ?))
Hibernate: 
    select
        s1_0.id,
        s1_0.activo,
        s1_0.actualizado_en,
        s1_0.codigo_interno,
        s1_0.creado_en,
        s1_0.direccion,
        s1_0.distrito_id,
        s1_0.eliminado_en,
        s1_0.es_principal,
        s1_0.nombre,
        s1_0.telefono,
        s1_0.tienda_id 
    from
        sedes s1_0 
    where
        s1_0.id=? 
        and (
            s1_0.eliminado_en IS NULL
        )
Hibernate: 
    select
        pp1_0.id,
        pp1_0.actualizado_en,
        pp1_0.confirmado_por,
        pp1_0.creado_en,
        pp1_0.estado,
        pp1_0.fecha_produccion,
        pp1_0.generado_por,
        pp1_0.hora_fin_real,
        pp1_0.hora_inicio_real,
        pp1_0.notas_maestro,
        pp1_0.sede_id,
        pp1_0.tienda_id 
    from
        planes_produccion pp1_0 
    where
        pp1_0.tienda_id=? 
        and pp1_0.sede_id=? 
    order by
        pp1_0.fecha_produccion desc
Hibernate: 
    select
        dpp1_0.id,
        dpp1_0.cantidad_merma,
        dpp1_0.cantidad_planificada,
        dpp1_0.cantidad_producida,
        dpp1_0.cantidad_sugerida,
        dpp1_0.detalle_pedido_id,
        dpp1_0.es_personalizado,
        dpp1_0.estado,
        dpp1_0.hora_termino,
        dpp1_0.observaciones,
        dpp1_0.origen,
        dpp1_0.pedido_cliente_id,
        dpp1_0.personalizacion_id,
        dpp1_0.plan_id,
        dpp1_0.producto_id 
    from
        detalles_plan_produccion dpp1_0 
    where
        dpp1_0.plan_id in (?, ?, ?, ?) 
    order by
        dpp1_0.plan_id,
        dpp1_0.id
Hibernate: 
    select
        ut1_0.id,
        ut1_0.activo,
        ut1_0.actualizado_en,
        ut1_0.correo,
        ut1_0.creado_en,
        ut1_0.eliminado_en,
        ut1_0.hash_contrasena,
        ut1_0.nombres_doc,
        ut1_0.numero_doc,
        ut1_0.rol_id,
        ut1_0.telefono,
        ut1_0.tienda_id,
        ut1_0.tipo_doc,
        ut1_0.ultimo_acceso_en 
    from
        usuarios_tienda ut1_0 
    where
        (
            ut1_0.activo = 1
        ) 
        and ut1_0.correo=?
Hibernate: 
    select
        ut1_0.id,
        ut1_0.activo,
        ut1_0.actualizado_en,
        ut1_0.correo,
        ut1_0.creado_en,
        ut1_0.eliminado_en,
        ut1_0.hash_contrasena,
        ut1_0.nombres_doc,
        ut1_0.numero_doc,
        ut1_0.rol_id,
        ut1_0.telefono,
        ut1_0.tienda_id,
        ut1_0.tipo_doc,
        ut1_0.ultimo_acceso_en 
    from
        usuarios_tienda ut1_0 
    where
        (
            ut1_0.activo = 1
        ) 
        and ut1_0.correo=?
Hibernate: 
    select
        us1_0.sede_id,
        us1_0.usuario_id,
        us1_0.es_sede_principal 
    from
        usuario_sedes us1_0 
    where
        (
            us1_0.sede_id, us1_0.usuario_id
        ) in ((?, ?))
Hibernate: 
    select
        s1_0.id,
        s1_0.activo,
        s1_0.actualizado_en,
        s1_0.codigo_interno,
        s1_0.creado_en,
        s1_0.direccion,
        s1_0.distrito_id,
        s1_0.eliminado_en,
        s1_0.es_principal,
        s1_0.nombre,
        s1_0.telefono,
        s1_0.tienda_id 
    from
        sedes s1_0 
    where
        s1_0.id=? 
        and (
            s1_0.eliminado_en IS NULL
        )
Hibernate: 
    select
        pp1_0.id,
        pp1_0.actualizado_en,
        pp1_0.confirmado_por,
        pp1_0.creado_en,
        pp1_0.estado,
        pp1_0.fecha_produccion,
        pp1_0.generado_por,
        pp1_0.hora_fin_real,
        pp1_0.hora_inicio_real,
        pp1_0.notas_maestro,
        pp1_0.sede_id,
        pp1_0.tienda_id 
    from
        planes_produccion pp1_0 
    where
        pp1_0.tienda_id=? 
        and pp1_0.sede_id=? 
    order by
        pp1_0.fecha_produccion desc
Hibernate: 
    select
        dpp1_0.id,
        dpp1_0.cantidad_merma,
        dpp1_0.cantidad_planificada,
        dpp1_0.cantidad_producida,
        dpp1_0.cantidad_sugerida,
        dpp1_0.detalle_pedido_id,
        dpp1_0.es_personalizado,
        dpp1_0.estado,
        dpp1_0.hora_termino,
        dpp1_0.observaciones,
        dpp1_0.origen,
        dpp1_0.pedido_cliente_id,
        dpp1_0.personalizacion_id,
        dpp1_0.plan_id,
        dpp1_0.producto_id 
    from
        detalles_plan_produccion dpp1_0 
    where
        dpp1_0.plan_id in (?, ?, ?, ?) 
    order by
        dpp1_0.plan_id,
        dpp1_0.id
Hibernate: 
    select
        ut1_0.id,
        ut1_0.activo,
        ut1_0.actualizado_en,
        ut1_0.correo,
        ut1_0.creado_en,
        ut1_0.eliminado_en,
        ut1_0.hash_contrasena,
        ut1_0.nombres_doc,
        ut1_0.numero_doc,
        ut1_0.rol_id,
        ut1_0.telefono,
        ut1_0.tienda_id,
        ut1_0.tipo_doc,
        ut1_0.ultimo_acceso_en 
    from
        usuarios_tienda ut1_0 
    where
        (
            ut1_0.activo = 1
        ) 
        and ut1_0.correo=?
Hibernate: 
    select
        ut1_0.id,
        ut1_0.activo,
        ut1_0.actualizado_en,
        ut1_0.correo,
        ut1_0.creado_en,
        ut1_0.eliminado_en,
        ut1_0.hash_contrasena,
        ut1_0.nombres_doc,
        ut1_0.numero_doc,
        ut1_0.rol_id,
        ut1_0.telefono,
        ut1_0.tienda_id,
        ut1_0.tipo_doc,
        ut1_0.ultimo_acceso_en 
    from
        usuarios_tienda ut1_0 
    where
        (
            ut1_0.activo = 1
        ) 
        and ut1_0.correo=?
Hibernate: 
    select
        us1_0.sede_id,
        us1_0.usuario_id,
        us1_0.es_sede_principal 
    from
        usuario_sedes us1_0 
    where
        (
            us1_0.sede_id, us1_0.usuario_id
        ) in ((?, ?))
Hibernate: 
    select
        s1_0.id,
        s1_0.activo,
        s1_0.actualizado_en,
        s1_0.codigo_interno,
        s1_0.creado_en,
        s1_0.direccion,
        s1_0.distrito_id,
        s1_0.eliminado_en,
        s1_0.es_principal,
        s1_0.nombre,
        s1_0.telefono,
        s1_0.tienda_id 
    from
        sedes s1_0 
    where
        s1_0.id=? 
        and (
            s1_0.eliminado_en IS NULL
        )
Hibernate: 
    select
        pp1_0.id,
        pp1_0.actualizado_en,
        pp1_0.confirmado_por,
        pp1_0.creado_en,
        pp1_0.estado,
        pp1_0.fecha_produccion,
        pp1_0.generado_por,
        pp1_0.hora_fin_real,
        pp1_0.hora_inicio_real,
        pp1_0.notas_maestro,
        pp1_0.sede_id,
        pp1_0.tienda_id 
    from
        planes_produccion pp1_0 
    where
        pp1_0.tienda_id=? 
        and pp1_0.sede_id=? 
    order by
        pp1_0.fecha_produccion desc
Hibernate: 
    select
        dpp1_0.id,
        dpp1_0.cantidad_merma,
        dpp1_0.cantidad_planificada,
        dpp1_0.cantidad_producida,
        dpp1_0.cantidad_sugerida,
        dpp1_0.detalle_pedido_id,
        dpp1_0.es_personalizado,
        dpp1_0.estado,
        dpp1_0.hora_termino,
        dpp1_0.observaciones,
        dpp1_0.origen,
        dpp1_0.pedido_cliente_id,
        dpp1_0.personalizacion_id,
        dpp1_0.plan_id,
        dpp1_0.producto_id 
    from
        detalles_plan_produccion dpp1_0 
    where
        dpp1_0.plan_id in (?, ?, ?, ?) 
    order by
        dpp1_0.plan_id,
        dpp1_0.id
Hibernate: 
    select
        ut1_0.id,
        ut1_0.activo,
        ut1_0.actualizado_en,
        ut1_0.correo,
        ut1_0.creado_en,
        ut1_0.eliminado_en,
        ut1_0.hash_contrasena,
        ut1_0.nombres_doc,
        ut1_0.numero_doc,
        ut1_0.rol_id,
        ut1_0.telefono,
        ut1_0.tienda_id,
        ut1_0.tipo_doc,
        ut1_0.ultimo_acceso_en 
    from
        usuarios_tienda ut1_0 
    where
        (
            ut1_0.activo = 1
        ) 
        and ut1_0.correo=?
Hibernate: 
    select
        ut1_0.id,
        ut1_0.activo,
        ut1_0.actualizado_en,
        ut1_0.correo,
        ut1_0.creado_en,
        ut1_0.eliminado_en,
        ut1_0.hash_contrasena,
        ut1_0.nombres_doc,
        ut1_0.numero_doc,
        ut1_0.rol_id,
        ut1_0.telefono,
        ut1_0.tienda_id,
        ut1_0.tipo_doc,
        ut1_0.ultimo_acceso_en 
    from
        usuarios_tienda ut1_0 
    where
        (
            ut1_0.activo = 1
        ) 
        and ut1_0.correo=?
Hibernate: 
    select
        ut1_0.id,
        ut1_0.activo,
        ut1_0.actualizado_en,
        ut1_0.correo,
        ut1_0.creado_en,
        ut1_0.eliminado_en,
        ut1_0.hash_contrasena,
        ut1_0.nombres_doc,
        ut1_0.numero_doc,
        ut1_0.rol_id,
        ut1_0.telefono,
        ut1_0.tienda_id,
        ut1_0.tipo_doc,
        ut1_0.ultimo_acceso_en 
    from
        usuarios_tienda ut1_0 
    where
        (
            ut1_0.activo = 1
        ) 
        and ut1_0.correo=?
Hibernate: 
    select
        us1_0.sede_id,
        us1_0.usuario_id,
        us1_0.es_sede_principal 
    from
        usuario_sedes us1_0 
    where
        (
            us1_0.sede_id, us1_0.usuario_id
        ) in ((?, ?))
Hibernate: 
    select
        ut1_0.id,
        ut1_0.activo,
        ut1_0.actualizado_en,
        ut1_0.correo,
        ut1_0.creado_en,
        ut1_0.eliminado_en,
        ut1_0.hash_contrasena,
        ut1_0.nombres_doc,
        ut1_0.numero_doc,
        ut1_0.rol_id,
        ut1_0.telefono,
        ut1_0.tienda_id,
        ut1_0.tipo_doc,
        ut1_0.ultimo_acceso_en 
    from
        usuarios_tienda ut1_0 
    where
        (
            ut1_0.activo = 1
        ) 
        and ut1_0.correo=?
Hibernate: 
    select
        s1_0.id,
        s1_0.activo,
        s1_0.actualizado_en,
        s1_0.codigo_interno,
        s1_0.creado_en,
        s1_0.direccion,
        s1_0.distrito_id,
        s1_0.eliminado_en,
        s1_0.es_principal,
        s1_0.nombre,
        s1_0.telefono,
        s1_0.tienda_id 
    from
        sedes s1_0 
    where
        s1_0.id=? 
        and (
            s1_0.eliminado_en IS NULL
        )
Hibernate: 
    select
        us1_0.sede_id,
        us1_0.usuario_id,
        us1_0.es_sede_principal 
    from
        usuario_sedes us1_0 
    where
        (
            us1_0.sede_id, us1_0.usuario_id
        ) in ((?, ?))
Hibernate: 
    select
        s1_0.id,
        s1_0.activo,
        s1_0.actualizado_en,
        s1_0.codigo_interno,
        s1_0.creado_en,
        s1_0.direccion,
        s1_0.distrito_id,
        s1_0.eliminado_en,
        s1_0.es_principal,
        s1_0.nombre,
        s1_0.telefono,
        s1_0.tienda_id 
    from
        sedes s1_0 
    where
        s1_0.id=? 
        and (
            s1_0.eliminado_en IS NULL
        )
Hibernate: 
    select
        ut1_0.id,
        ut1_0.activo,
        ut1_0.actualizado_en,
        ut1_0.correo,
        ut1_0.creado_en,
        ut1_0.eliminado_en,
        ut1_0.hash_contrasena,
        ut1_0.nombres_doc,
        ut1_0.numero_doc,
        ut1_0.rol_id,
        ut1_0.telefono,
        ut1_0.tienda_id,
        ut1_0.tipo_doc,
        ut1_0.ultimo_acceso_en 
    from
        usuarios_tienda ut1_0 
    where
        (
            ut1_0.activo = 1
        ) 
        and ut1_0.tienda_id=? 
        and ut1_0.correo=?
Hibernate: 
    select
        us1_0.sede_id,
        us1_0.usuario_id,
        us1_0.es_sede_principal 
    from
        usuario_sedes us1_0 
    where
        us1_0.usuario_id=?
Hibernate: 
    select
        pp1_0.id,
        pp1_0.actualizado_en,
        pp1_0.confirmado_por,
        pp1_0.creado_en,
        pp1_0.estado,
        pp1_0.fecha_produccion,
        pp1_0.generado_por,
        pp1_0.hora_fin_real,
        pp1_0.hora_inicio_real,
        pp1_0.notas_maestro,
        pp1_0.sede_id,
        pp1_0.tienda_id 
    from
        planes_produccion pp1_0 
    where
        pp1_0.tienda_id=? 
        and pp1_0.sede_id=? 
    order by
        pp1_0.fecha_produccion desc
Hibernate: 
    select
        s1_0.id,
        s1_0.activo,
        s1_0.actualizado_en,
        s1_0.codigo_interno,
        s1_0.creado_en,
        s1_0.direccion,
        s1_0.distrito_id,
        s1_0.eliminado_en,
        s1_0.es_principal,
        s1_0.nombre,
        s1_0.telefono,
        s1_0.tienda_id 
    from
        sedes s1_0 
    where
        (
            s1_0.eliminado_en IS NULL
        ) 
        and s1_0.id in (?) 
        and s1_0.activo
Hibernate: 
    select
        dpp1_0.id,
        dpp1_0.cantidad_merma,
        dpp1_0.cantidad_planificada,
        dpp1_0.cantidad_producida,
        dpp1_0.cantidad_sugerida,
        dpp1_0.detalle_pedido_id,
        dpp1_0.es_personalizado,
        dpp1_0.estado,
        dpp1_0.hora_termino,
        dpp1_0.observaciones,
        dpp1_0.origen,
        dpp1_0.pedido_cliente_id,
        dpp1_0.personalizacion_id,
        dpp1_0.plan_id,
        dpp1_0.producto_id 
    from
        detalles_plan_produccion dpp1_0 
    where
        dpp1_0.plan_id in (?, ?, ?, ?) 
    order by
        dpp1_0.plan_id,
        dpp1_0.id
Hibernate: 
    select
        ut1_0.id,
        ut1_0.activo,
        ut1_0.actualizado_en,
        ut1_0.correo,
        ut1_0.creado_en,
        ut1_0.eliminado_en,
        ut1_0.hash_contrasena,
        ut1_0.nombres_doc,
        ut1_0.numero_doc,
        ut1_0.rol_id,
        ut1_0.telefono,
        ut1_0.tienda_id,
        ut1_0.tipo_doc,
        ut1_0.ultimo_acceso_en 
    from
        usuarios_tienda ut1_0 
    where
        (
            ut1_0.activo = 1
        ) 
        and ut1_0.correo=?
Hibernate: 
    select
        ut1_0.id,
        ut1_0.activo,
        ut1_0.actualizado_en,
        ut1_0.correo,
        ut1_0.creado_en,
        ut1_0.eliminado_en,
        ut1_0.hash_contrasena,
        ut1_0.nombres_doc,
        ut1_0.numero_doc,
        ut1_0.rol_id,
        ut1_0.telefono,
        ut1_0.tienda_id,
        ut1_0.tipo_doc,
        ut1_0.ultimo_acceso_en 
    from
        usuarios_tienda ut1_0 
    where
        (
            ut1_0.activo = 1
        ) 
        and ut1_0.correo=?
Hibernate: 
    select
        us1_0.sede_id,
        us1_0.usuario_id,
        us1_0.es_sede_principal 
    from
        usuario_sedes us1_0 
    where
        (
            us1_0.sede_id, us1_0.usuario_id
        ) in ((?, ?))
Hibernate: 
    select
        s1_0.id,
        s1_0.activo,
        s1_0.actualizado_en,
        s1_0.codigo_interno,
        s1_0.creado_en,
        s1_0.direccion,
        s1_0.distrito_id,
        s1_0.eliminado_en,
        s1_0.es_principal,
        s1_0.nombre,
        s1_0.telefono,
        s1_0.tienda_id 
    from
        sedes s1_0 
    where
        s1_0.id=? 
        and (
            s1_0.eliminado_en IS NULL
        )
Hibernate: 
    select
        pp1_0.id,
        pp1_0.actualizado_en,
        pp1_0.confirmado_por,
        pp1_0.creado_en,
        pp1_0.estado,
        pp1_0.fecha_produccion,
        pp1_0.generado_por,
        pp1_0.hora_fin_real,
        pp1_0.hora_inicio_real,
        pp1_0.notas_maestro,
        pp1_0.sede_id,
        pp1_0.tienda_id 
    from
        planes_produccion pp1_0 
    where
        pp1_0.tienda_id=? 
        and pp1_0.sede_id=? 
    order by
        pp1_0.fecha_produccion desc
Hibernate: 
    select
        dpp1_0.id,
        dpp1_0.cantidad_merma,
        dpp1_0.cantidad_planificada,
        dpp1_0.cantidad_producida,
        dpp1_0.cantidad_sugerida,
        dpp1_0.detalle_pedido_id,
        dpp1_0.es_personalizado,
        dpp1_0.estado,
        dpp1_0.hora_termino,
        dpp1_0.observaciones,
        dpp1_0.origen,
        dpp1_0.pedido_cliente_id,
        dpp1_0.personalizacion_id,
        dpp1_0.plan_id,
        dpp1_0.producto_id 
    from
        detalles_plan_produccion dpp1_0 
    where
        dpp1_0.plan_id in (?, ?, ?, ?) 
    order by
        dpp1_0.plan_id,
        dpp1_0.id
Hibernate: 
    select
        ut1_0.id,
        ut1_0.activo,
        ut1_0.actualizado_en,
        ut1_0.correo,
        ut1_0.creado_en,
        ut1_0.eliminado_en,
        ut1_0.hash_contrasena,
        ut1_0.nombres_doc,
        ut1_0.numero_doc,
        ut1_0.rol_id,
        ut1_0.telefono,
        ut1_0.tienda_id,
        ut1_0.tipo_doc,
        ut1_0.ultimo_acceso_en 
    from
        usuarios_tienda ut1_0 
    where
        (
            ut1_0.activo = 1
        ) 
        and ut1_0.correo=?
Hibernate: 
    select
        ut1_0.id,
        ut1_0.activo,
        ut1_0.actualizado_en,
        ut1_0.correo,
        ut1_0.creado_en,
        ut1_0.eliminado_en,
        ut1_0.hash_contrasena,
        ut1_0.nombres_doc,
        ut1_0.numero_doc,
        ut1_0.rol_id,
        ut1_0.telefono,
        ut1_0.tienda_id,
        ut1_0.tipo_doc,
        ut1_0.ultimo_acceso_en 
    from
        usuarios_tienda ut1_0 
    where
        (
            ut1_0.activo = 1
        ) 
        and ut1_0.correo=?
Hibernate: 
    select
        us1_0.sede_id,
        us1_0.usuario_id,
        us1_0.es_sede_principal 
    from
        usuario_sedes us1_0 
    where
        (
            us1_0.sede_id, us1_0.usuario_id
        ) in ((?, ?))
Hibernate: 
    select
        s1_0.id,
        s1_0.activo,
        s1_0.actualizado_en,
        s1_0.codigo_interno,
        s1_0.creado_en,
        s1_0.direccion,
        s1_0.distrito_id,
        s1_0.eliminado_en,
        s1_0.es_principal,
        s1_0.nombre,
        s1_0.telefono,
        s1_0.tienda_id 
    from
        sedes s1_0 
    where
        s1_0.id=? 
        and (
            s1_0.eliminado_en IS NULL
        )
Hibernate: 
    select
        pp1_0.id,
        pp1_0.actualizado_en,
        pp1_0.confirmado_por,
        pp1_0.creado_en,
        pp1_0.estado,
        pp1_0.fecha_produccion,
        pp1_0.generado_por,
        pp1_0.hora_fin_real,
        pp1_0.hora_inicio_real,
        pp1_0.notas_maestro,
        pp1_0.sede_id,
        pp1_0.tienda_id 
    from
        planes_produccion pp1_0 
    where
        pp1_0.tienda_id=? 
        and pp1_0.sede_id=? 
    order by
        pp1_0.fecha_produccion desc
Hibernate: 
    select
        dpp1_0.id,
        dpp1_0.cantidad_merma,
        dpp1_0.cantidad_planificada,
        dpp1_0.cantidad_producida,
        dpp1_0.cantidad_sugerida,
        dpp1_0.detalle_pedido_id,
        dpp1_0.es_personalizado,
        dpp1_0.estado,
        dpp1_0.hora_termino,
        dpp1_0.observaciones,
        dpp1_0.origen,
        dpp1_0.pedido_cliente_id,
        dpp1_0.personalizacion_id,
        dpp1_0.plan_id,
        dpp1_0.producto_id 
    from
        detalles_plan_produccion dpp1_0 
    where
        dpp1_0.plan_id in (?, ?, ?, ?) 
    order by
        dpp1_0.plan_id,
        dpp1_0.id
Hibernate: 
    select
        p1_0.id,
        p1_0.activo,
        p1_0.actualizado_en,
        p1_0.atributos,
        p1_0.categoria_id,
        p1_0.creado_en,
        p1_0.descripcion,
        p1_0.destacado_storefront,
        p1_0.es_personalizable,
        p1_0.imagenes_galeria,
        p1_0.nombre,
        p1_0.precio_base_centimos,
        p1_0.precio_oferta_centimos,
        p1_0.sku,
        p1_0.slug,
        p1_0.tienda_id,
        p1_0.tipo,
        p1_0.url_imagen_principal,
        p1_0.visible_en_pos,
        p1_0.visible_en_storefront 
    from
        productos p1_0 
    where
        (
            p1_0.activo = 1
        ) 
        and p1_0.id in (?, ?)
Hibernate: 
    select
        ut1_0.id,
        ut1_0.activo,
        ut1_0.actualizado_en,
        ut1_0.correo,
        ut1_0.creado_en,
        ut1_0.eliminado_en,
        ut1_0.hash_contrasena,
        ut1_0.nombres_doc,
        ut1_0.numero_doc,
        ut1_0.rol_id,
        ut1_0.telefono,
        ut1_0.tienda_id,
        ut1_0.tipo_doc,
        ut1_0.ultimo_acceso_en 
    from
        usuarios_tienda ut1_0 
    where
        (
            ut1_0.activo = 1
        ) 
        and ut1_0.correo=?
Hibernate: 
    select
        ut1_0.id,
        ut1_0.activo,
        ut1_0.actualizado_en,
        ut1_0.correo,
        ut1_0.creado_en,
        ut1_0.eliminado_en,
        ut1_0.hash_contrasena,
        ut1_0.nombres_doc,
        ut1_0.numero_doc,
        ut1_0.rol_id,
        ut1_0.telefono,
        ut1_0.tienda_id,
        ut1_0.tipo_doc,
        ut1_0.ultimo_acceso_en 
    from
        usuarios_tienda ut1_0 
    where
        (
            ut1_0.activo = 1
        ) 
        and ut1_0.correo=?
Hibernate: 
    select
        us1_0.sede_id,
        us1_0.usuario_id,
        us1_0.es_sede_principal 
    from
        usuario_sedes us1_0 
    where
        (
            us1_0.sede_id, us1_0.usuario_id
        ) in ((?, ?))
Hibernate: 
    select
        s1_0.id,
        s1_0.activo,
        s1_0.actualizado_en,
        s1_0.codigo_interno,
        s1_0.creado_en,
        s1_0.direccion,
        s1_0.distrito_id,
        s1_0.eliminado_en,
        s1_0.es_principal,
        s1_0.nombre,
        s1_0.telefono,
        s1_0.tienda_id 
    from
        sedes s1_0 
    where
        s1_0.id=? 
        and (
            s1_0.eliminado_en IS NULL
        )
Hibernate: 
    select
        pp1_0.id,
        pp1_0.actualizado_en,
        pp1_0.confirmado_por,
        pp1_0.creado_en,
        pp1_0.estado,
        pp1_0.fecha_produccion,
        pp1_0.generado_por,
        pp1_0.hora_fin_real,
        pp1_0.hora_inicio_real,
        pp1_0.notas_maestro,
        pp1_0.sede_id,
        pp1_0.tienda_id 
    from
        planes_produccion pp1_0 
    where
        pp1_0.tienda_id=? 
        and pp1_0.sede_id=? 
    order by
        pp1_0.fecha_produccion desc
Hibernate: 
    select
        dpp1_0.id,
        dpp1_0.cantidad_merma,
        dpp1_0.cantidad_planificada,
        dpp1_0.cantidad_producida,
        dpp1_0.cantidad_sugerida,
        dpp1_0.detalle_pedido_id,
        dpp1_0.es_personalizado,
        dpp1_0.estado,
        dpp1_0.hora_termino,
        dpp1_0.observaciones,
        dpp1_0.origen,
        dpp1_0.pedido_cliente_id,
        dpp1_0.personalizacion_id,
        dpp1_0.plan_id,
        dpp1_0.producto_id 
    from
        detalles_plan_produccion dpp1_0 
    where
        dpp1_0.plan_id in (?, ?, ?, ?) 
    order by
        dpp1_0.plan_id,
        dpp1_0.id
Hibernate: 
    select
        p1_0.id,
        p1_0.activo,
        p1_0.actualizado_en,
        p1_0.atributos,
        p1_0.categoria_id,
        p1_0.creado_en,
        p1_0.descripcion,
        p1_0.destacado_storefront,
        p1_0.es_personalizable,
        p1_0.imagenes_galeria,
        p1_0.nombre,
        p1_0.precio_base_centimos,
        p1_0.precio_oferta_centimos,
        p1_0.sku,
        p1_0.slug,
        p1_0.tienda_id,
        p1_0.tipo,
        p1_0.url_imagen_principal,
        p1_0.visible_en_pos,
        p1_0.visible_en_storefront 
    from
        productos p1_0 
    where
        (
            p1_0.activo = 1
        ) 
        and p1_0.id in (?, ?)
Hibernate: 
    select
        ut1_0.id,
        ut1_0.activo,
        ut1_0.actualizado_en,
        ut1_0.correo,
        ut1_0.creado_en,
        ut1_0.eliminado_en,
        ut1_0.hash_contrasena,
        ut1_0.nombres_doc,
        ut1_0.numero_doc,
        ut1_0.rol_id,
        ut1_0.telefono,
        ut1_0.tienda_id,
        ut1_0.tipo_doc,
        ut1_0.ultimo_acceso_en 
    from
        usuarios_tienda ut1_0 
    where
        (
            ut1_0.activo = 1
        ) 
        and ut1_0.correo=?
Hibernate: 
    select
        ut1_0.id,
        ut1_0.activo,
        ut1_0.actualizado_en,
        ut1_0.correo,
        ut1_0.creado_en,
        ut1_0.eliminado_en,
        ut1_0.hash_contrasena,
        ut1_0.nombres_doc,
        ut1_0.numero_doc,
        ut1_0.rol_id,
        ut1_0.telefono,
        ut1_0.tienda_id,
        ut1_0.tipo_doc,
        ut1_0.ultimo_acceso_en 
    from
        usuarios_tienda ut1_0 
    where
        (
            ut1_0.activo = 1
        ) 
        and ut1_0.correo=?
Hibernate: 
    select
        ut1_0.id,
        ut1_0.activo,
        ut1_0.actualizado_en,
        ut1_0.correo,
        ut1_0.creado_en,
        ut1_0.eliminado_en,
        ut1_0.hash_contrasena,
        ut1_0.nombres_doc,
        ut1_0.numero_doc,
        ut1_0.rol_id,
        ut1_0.telefono,
        ut1_0.tienda_id,
        ut1_0.tipo_doc,
        ut1_0.ultimo_acceso_en 
    from
        usuarios_tienda ut1_0 
    where
        (
            ut1_0.activo = 1
        ) 
        and ut1_0.correo=?
Hibernate: 
    select
        ut1_0.id,
        ut1_0.activo,
        ut1_0.actualizado_en,
        ut1_0.correo,
        ut1_0.creado_en,
        ut1_0.eliminado_en,
        ut1_0.hash_contrasena,
        ut1_0.nombres_doc,
        ut1_0.numero_doc,
        ut1_0.rol_id,
        ut1_0.telefono,
        ut1_0.tienda_id,
        ut1_0.tipo_doc,
        ut1_0.ultimo_acceso_en 
    from
        usuarios_tienda ut1_0 
    where
        (
            ut1_0.activo = 1
        ) 
        and ut1_0.correo=?
Hibernate: 
    select
        us1_0.sede_id,
        us1_0.usuario_id,
        us1_0.es_sede_principal 
    from
        usuario_sedes us1_0 
    where
        (
            us1_0.sede_id, us1_0.usuario_id
        ) in ((?, ?))
Hibernate: 
    select
        us1_0.sede_id,
        us1_0.usuario_id,
        us1_0.es_sede_principal 
    from
        usuario_sedes us1_0 
    where
        (
            us1_0.sede_id, us1_0.usuario_id
        ) in ((?, ?))
Hibernate: 
    select
        s1_0.id,
        s1_0.activo,
        s1_0.actualizado_en,
        s1_0.codigo_interno,
        s1_0.creado_en,
        s1_0.direccion,
        s1_0.distrito_id,
        s1_0.eliminado_en,
        s1_0.es_principal,
        s1_0.nombre,
        s1_0.telefono,
        s1_0.tienda_id 
    from
        sedes s1_0 
    where
        s1_0.id=? 
        and (
            s1_0.eliminado_en IS NULL
        )
Hibernate: 
    select
        s1_0.id,
        s1_0.activo,
        s1_0.actualizado_en,
        s1_0.codigo_interno,
        s1_0.creado_en,
        s1_0.direccion,
        s1_0.distrito_id,
        s1_0.eliminado_en,
        s1_0.es_principal,
        s1_0.nombre,
        s1_0.telefono,
        s1_0.tienda_id 
    from
        sedes s1_0 
    where
        s1_0.id=? 
        and (
            s1_0.eliminado_en IS NULL
        )
Hibernate: 
    select
        p1_0.id,
        p1_0.activo,
        p1_0.actualizado_en,
        p1_0.atributos,
        p1_0.categoria_id,
        p1_0.creado_en,
        p1_0.descripcion,
        p1_0.destacado_storefront,
        p1_0.es_personalizable,
        p1_0.imagenes_galeria,
        p1_0.nombre,
        p1_0.precio_base_centimos,
        p1_0.precio_oferta_centimos,
        p1_0.sku,
        p1_0.slug,
        p1_0.tienda_id,
        p1_0.tipo,
        p1_0.url_imagen_principal,
        p1_0.visible_en_pos,
        p1_0.visible_en_storefront 
    from
        productos p1_0 
    where
        (
            p1_0.activo = 1
        ) 
        and p1_0.tienda_id=? 
    order by
        p1_0.nombre
Hibernate: 
    select
        si1_0.id,
        si1_0.actualizado_en,
        si1_0.cantidad_ideal,
        si1_0.producto_id,
        si1_0.punto_reposicion,
        si1_0.sede_id,
        si1_0.tienda_id 
    from
        stock_ideal si1_0 
    where
        si1_0.tienda_id=? 
        and si1_0.sede_id=?
Hibernate: 
    select
        c1_0.id,
        c1_0.activa,
        c1_0.creado_en,
        c1_0.descripcion,
        c1_0.icono,
        c1_0.nombre,
        c1_0.orden_visual,
        c1_0.slug,
        c1_0.tienda_id,
        c1_0.url_imagen 
    from
        categorias c1_0 
    where
        c1_0.id=? 
        and (
            c1_0.activa = 1
        )
Hibernate: 
    select
        c1_0.id,
        c1_0.activa,
        c1_0.creado_en,
        c1_0.descripcion,
        c1_0.icono,
        c1_0.nombre,
        c1_0.orden_visual,
        c1_0.slug,
        c1_0.tienda_id,
        c1_0.url_imagen 
    from
        categorias c1_0 
    where
        c1_0.id=? 
        and (
            c1_0.activa = 1
        )
Hibernate: 
    select
        c1_0.id,
        c1_0.activa,
        c1_0.creado_en,
        c1_0.descripcion,
        c1_0.icono,
        c1_0.nombre,
        c1_0.orden_visual,
        c1_0.slug,
        c1_0.tienda_id,
        c1_0.url_imagen 
    from
        categorias c1_0 
    where
        c1_0.id=? 
        and (
            c1_0.activa = 1
        )
Hibernate: 
    select
        c1_0.id,
        c1_0.activa,
        c1_0.creado_en,
        c1_0.descripcion,
        c1_0.icono,
        c1_0.nombre,
        c1_0.orden_visual,
        c1_0.slug,
        c1_0.tienda_id,
        c1_0.url_imagen 
    from
        categorias c1_0 
    where
        c1_0.id=? 
        and (
            c1_0.activa = 1
        )
Hibernate: 
    select
        ut1_0.id,
        ut1_0.activo,
        ut1_0.actualizado_en,
        ut1_0.correo,
        ut1_0.creado_en,
        ut1_0.eliminado_en,
        ut1_0.hash_contrasena,
        ut1_0.nombres_doc,
        ut1_0.numero_doc,
        ut1_0.rol_id,
        ut1_0.telefono,
        ut1_0.tienda_id,
        ut1_0.tipo_doc,
        ut1_0.ultimo_acceso_en 
    from
        usuarios_tienda ut1_0 
    where
        (
            ut1_0.activo = 1
        ) 
        and ut1_0.correo=?
Hibernate: 
    select
        ut1_0.id,
        ut1_0.activo,
        ut1_0.actualizado_en,
        ut1_0.correo,
        ut1_0.creado_en,
        ut1_0.eliminado_en,
        ut1_0.hash_contrasena,
        ut1_0.nombres_doc,
        ut1_0.numero_doc,
        ut1_0.rol_id,
        ut1_0.telefono,
        ut1_0.tienda_id,
        ut1_0.tipo_doc,
        ut1_0.ultimo_acceso_en 
    from
        usuarios_tienda ut1_0 
    where
        (
            ut1_0.activo = 1
        ) 
        and ut1_0.correo=?
Hibernate: 
    select
        us1_0.sede_id,
        us1_0.usuario_id,
        us1_0.es_sede_principal 
    from
        usuario_sedes us1_0 
    where
        (
            us1_0.sede_id, us1_0.usuario_id
        ) in ((?, ?))
Hibernate: 
    select
        s1_0.id,
        s1_0.activo,
        s1_0.actualizado_en,
        s1_0.codigo_interno,
        s1_0.creado_en,
        s1_0.direccion,
        s1_0.distrito_id,
        s1_0.eliminado_en,
        s1_0.es_principal,
        s1_0.nombre,
        s1_0.telefono,
        s1_0.tienda_id 
    from
        sedes s1_0 
    where
        s1_0.id=? 
        and (
            s1_0.eliminado_en IS NULL
        )
Hibernate: 
    select
        pp1_0.id,
        pp1_0.actualizado_en,
        pp1_0.confirmado_por,
        pp1_0.creado_en,
        pp1_0.estado,
        pp1_0.fecha_produccion,
        pp1_0.generado_por,
        pp1_0.hora_fin_real,
        pp1_0.hora_inicio_real,
        pp1_0.notas_maestro,
        pp1_0.sede_id,
        pp1_0.tienda_id 
    from
        planes_produccion pp1_0 
    where
        pp1_0.tienda_id=? 
        and pp1_0.sede_id=? 
    order by
        pp1_0.fecha_produccion desc
Hibernate: 
    select
        dpp1_0.id,
        dpp1_0.cantidad_merma,
        dpp1_0.cantidad_planificada,
        dpp1_0.cantidad_producida,
        dpp1_0.cantidad_sugerida,
        dpp1_0.detalle_pedido_id,
        dpp1_0.es_personalizado,
        dpp1_0.estado,
        dpp1_0.hora_termino,
        dpp1_0.observaciones,
        dpp1_0.origen,
        dpp1_0.pedido_cliente_id,
        dpp1_0.personalizacion_id,
        dpp1_0.plan_id,
        dpp1_0.producto_id 
    from
        detalles_plan_produccion dpp1_0 
    where
        dpp1_0.plan_id in (?, ?, ?, ?) 
    order by
        dpp1_0.plan_id,
        dpp1_0.id
Hibernate: 
    select
        p1_0.id,
        p1_0.activo,
        p1_0.actualizado_en,
        p1_0.atributos,
        p1_0.categoria_id,
        p1_0.creado_en,
        p1_0.descripcion,
        p1_0.destacado_storefront,
        p1_0.es_personalizable,
        p1_0.imagenes_galeria,
        p1_0.nombre,
        p1_0.precio_base_centimos,
        p1_0.precio_oferta_centimos,
        p1_0.sku,
        p1_0.slug,
        p1_0.tienda_id,
        p1_0.tipo,
        p1_0.url_imagen_principal,
        p1_0.visible_en_pos,
        p1_0.visible_en_storefront 
    from
        productos p1_0 
    where
        (
            p1_0.activo = 1
        ) 
        and p1_0.id in (?, ?)
Hibernate: 
    select
        ut1_0.id,
        ut1_0.activo,
        ut1_0.actualizado_en,
        ut1_0.correo,
        ut1_0.creado_en,
        ut1_0.eliminado_en,
        ut1_0.hash_contrasena,
        ut1_0.nombres_doc,
        ut1_0.numero_doc,
        ut1_0.rol_id,
        ut1_0.telefono,
        ut1_0.tienda_id,
        ut1_0.tipo_doc,
        ut1_0.ultimo_acceso_en 
    from
        usuarios_tienda ut1_0 
    where
        (
            ut1_0.activo = 1
        ) 
        and ut1_0.correo=?
Hibernate: 
    select
        ut1_0.id,
        ut1_0.activo,
        ut1_0.actualizado_en,
        ut1_0.correo,
        ut1_0.creado_en,
        ut1_0.eliminado_en,
        ut1_0.hash_contrasena,
        ut1_0.nombres_doc,
        ut1_0.numero_doc,
        ut1_0.rol_id,
        ut1_0.telefono,
        ut1_0.tienda_id,
        ut1_0.tipo_doc,
        ut1_0.ultimo_acceso_en 
    from
        usuarios_tienda ut1_0 
    where
        (
            ut1_0.activo = 1
        ) 
        and ut1_0.correo=?
Hibernate: 
    select
        ut1_0.id,
        ut1_0.activo,
        ut1_0.actualizado_en,
        ut1_0.correo,
        ut1_0.creado_en,
        ut1_0.eliminado_en,
        ut1_0.hash_contrasena,
        ut1_0.nombres_doc,
        ut1_0.numero_doc,
        ut1_0.rol_id,
        ut1_0.telefono,
        ut1_0.tienda_id,
        ut1_0.tipo_doc,
        ut1_0.ultimo_acceso_en 
    from
        usuarios_tienda ut1_0 
    where
        (
            ut1_0.activo = 1
        ) 
        and ut1_0.correo=?
Hibernate: 
    select
        ut1_0.id,
        ut1_0.activo,
        ut1_0.actualizado_en,
        ut1_0.correo,
        ut1_0.creado_en,
        ut1_0.eliminado_en,
        ut1_0.hash_contrasena,
        ut1_0.nombres_doc,
        ut1_0.numero_doc,
        ut1_0.rol_id,
        ut1_0.telefono,
        ut1_0.tienda_id,
        ut1_0.tipo_doc,
        ut1_0.ultimo_acceso_en 
    from
        usuarios_tienda ut1_0 
    where
        (
            ut1_0.activo = 1
        ) 
        and ut1_0.correo=?
Hibernate: 
    select
        us1_0.sede_id,
        us1_0.usuario_id,
        us1_0.es_sede_principal 
    from
        usuario_sedes us1_0 
    where
        (
            us1_0.sede_id, us1_0.usuario_id
        ) in ((?, ?))
Hibernate: 
    select
        us1_0.sede_id,
        us1_0.usuario_id,
        us1_0.es_sede_principal 
    from
        usuario_sedes us1_0 
    where
        (
            us1_0.sede_id, us1_0.usuario_id
        ) in ((?, ?))
Hibernate: 
    select
        s1_0.id,
        s1_0.activo,
        s1_0.actualizado_en,
        s1_0.codigo_interno,
        s1_0.creado_en,
        s1_0.direccion,
        s1_0.distrito_id,
        s1_0.eliminado_en,
        s1_0.es_principal,
        s1_0.nombre,
        s1_0.telefono,
        s1_0.tienda_id 
    from
        sedes s1_0 
    where
        s1_0.id=? 
        and (
            s1_0.eliminado_en IS NULL
        )
Hibernate: 
    select
        s1_0.id,
        s1_0.activo,
        s1_0.actualizado_en,
        s1_0.codigo_interno,
        s1_0.creado_en,
        s1_0.direccion,
        s1_0.distrito_id,
        s1_0.eliminado_en,
        s1_0.es_principal,
        s1_0.nombre,
        s1_0.telefono,
        s1_0.tienda_id 
    from
        sedes s1_0 
    where
        s1_0.id=? 
        and (
            s1_0.eliminado_en IS NULL
        )
Hibernate: 
    select
        ut1_0.id,
        ut1_0.activo,
        ut1_0.actualizado_en,
        ut1_0.correo,
        ut1_0.creado_en,
        ut1_0.eliminado_en,
        ut1_0.hash_contrasena,
        ut1_0.nombres_doc,
        ut1_0.numero_doc,
        ut1_0.rol_id,
        ut1_0.telefono,
        ut1_0.tienda_id,
        ut1_0.tipo_doc,
        ut1_0.ultimo_acceso_en 
    from
        usuarios_tienda ut1_0 
    where
        (
            ut1_0.activo = 1
        ) 
        and ut1_0.tienda_id=? 
        and ut1_0.correo=?
Hibernate: 
    select
        pp1_0.id,
        pp1_0.actualizado_en,
        pp1_0.confirmado_por,
        pp1_0.creado_en,
        pp1_0.estado,
        pp1_0.fecha_produccion,
        pp1_0.generado_por,
        pp1_0.hora_fin_real,
        pp1_0.hora_inicio_real,
        pp1_0.notas_maestro,
        pp1_0.sede_id,
        pp1_0.tienda_id 
    from
        planes_produccion pp1_0 
    where
        pp1_0.tienda_id=? 
        and pp1_0.sede_id=? 
    order by
        pp1_0.fecha_produccion desc
Hibernate: 
    select
        us1_0.sede_id,
        us1_0.usuario_id,
        us1_0.es_sede_principal 
    from
        usuario_sedes us1_0 
    where
        us1_0.usuario_id=?
Hibernate: 
    select
        dpp1_0.id,
        dpp1_0.cantidad_merma,
        dpp1_0.cantidad_planificada,
        dpp1_0.cantidad_producida,
        dpp1_0.cantidad_sugerida,
        dpp1_0.detalle_pedido_id,
        dpp1_0.es_personalizado,
        dpp1_0.estado,
        dpp1_0.hora_termino,
        dpp1_0.observaciones,
        dpp1_0.origen,
        dpp1_0.pedido_cliente_id,
        dpp1_0.personalizacion_id,
        dpp1_0.plan_id,
        dpp1_0.producto_id 
    from
        detalles_plan_produccion dpp1_0 
    where
        dpp1_0.plan_id in (?, ?, ?, ?) 
    order by
        dpp1_0.plan_id,
        dpp1_0.id
Hibernate: 
    select
        p1_0.id,
        p1_0.activo,
        p1_0.actualizado_en,
        p1_0.atributos,
        p1_0.categoria_id,
        p1_0.creado_en,
        p1_0.descripcion,
        p1_0.destacado_storefront,
        p1_0.es_personalizable,
        p1_0.imagenes_galeria,
        p1_0.nombre,
        p1_0.precio_base_centimos,
        p1_0.precio_oferta_centimos,
        p1_0.sku,
        p1_0.slug,
        p1_0.tienda_id,
        p1_0.tipo,
        p1_0.url_imagen_principal,
        p1_0.visible_en_pos,
        p1_0.visible_en_storefront 
    from
        productos p1_0 
    where
        (
            p1_0.activo = 1
        ) 
        and p1_0.id in (?, ?)
Hibernate: 
    select
        s1_0.id,
        s1_0.activo,
        s1_0.actualizado_en,
        s1_0.codigo_interno,
        s1_0.creado_en,
        s1_0.direccion,
        s1_0.distrito_id,
        s1_0.eliminado_en,
        s1_0.es_principal,
        s1_0.nombre,
        s1_0.telefono,
        s1_0.tienda_id 
    from
        sedes s1_0 
    where
        (
            s1_0.eliminado_en IS NULL
        ) 
        and s1_0.id in (?) 
        and s1_0.activo
Hibernate: 
    select
        ut1_0.id,
        ut1_0.activo,
        ut1_0.actualizado_en,
        ut1_0.correo,
        ut1_0.creado_en,
        ut1_0.eliminado_en,
        ut1_0.hash_contrasena,
        ut1_0.nombres_doc,
        ut1_0.numero_doc,
        ut1_0.rol_id,
        ut1_0.telefono,
        ut1_0.tienda_id,
        ut1_0.tipo_doc,
        ut1_0.ultimo_acceso_en 
    from
        usuarios_tienda ut1_0 
    where
        (
            ut1_0.activo = 1
        ) 
        and ut1_0.correo=?
Hibernate: 
    select
        ut1_0.id,
        ut1_0.activo,
        ut1_0.actualizado_en,
        ut1_0.correo,
        ut1_0.creado_en,
        ut1_0.eliminado_en,
        ut1_0.hash_contrasena,
        ut1_0.nombres_doc,
        ut1_0.numero_doc,
        ut1_0.rol_id,
        ut1_0.telefono,
        ut1_0.tienda_id,
        ut1_0.tipo_doc,
        ut1_0.ultimo_acceso_en 
    from
        usuarios_tienda ut1_0 
    where
        (
            ut1_0.activo = 1
        ) 
        and ut1_0.correo=?
Hibernate: 
    select
        us1_0.sede_id,
        us1_0.usuario_id,
        us1_0.es_sede_principal 
    from
        usuario_sedes us1_0 
    where
        (
            us1_0.sede_id, us1_0.usuario_id
        ) in ((?, ?))
Hibernate: 
    select
        s1_0.id,
        s1_0.activo,
        s1_0.actualizado_en,
        s1_0.codigo_interno,
        s1_0.creado_en,
        s1_0.direccion,
        s1_0.distrito_id,
        s1_0.eliminado_en,
        s1_0.es_principal,
        s1_0.nombre,
        s1_0.telefono,
        s1_0.tienda_id 
    from
        sedes s1_0 
    where
        s1_0.id=? 
        and (
            s1_0.eliminado_en IS NULL
        )
Hibernate: 
    select
        pp1_0.id,
        pp1_0.actualizado_en,
        pp1_0.confirmado_por,
        pp1_0.creado_en,
        pp1_0.estado,
        pp1_0.fecha_produccion,
        pp1_0.generado_por,
        pp1_0.hora_fin_real,
        pp1_0.hora_inicio_real,
        pp1_0.notas_maestro,
        pp1_0.sede_id,
        pp1_0.tienda_id 
    from
        planes_produccion pp1_0 
    where
        pp1_0.tienda_id=? 
        and pp1_0.sede_id=? 
    order by
        pp1_0.fecha_produccion desc
Hibernate: 
    select
        dpp1_0.id,
        dpp1_0.cantidad_merma,
        dpp1_0.cantidad_planificada,
        dpp1_0.cantidad_producida,
        dpp1_0.cantidad_sugerida,
        dpp1_0.detalle_pedido_id,
        dpp1_0.es_personalizado,
        dpp1_0.estado,
        dpp1_0.hora_termino,
        dpp1_0.observaciones,
        dpp1_0.origen,
        dpp1_0.pedido_cliente_id,
        dpp1_0.personalizacion_id,
        dpp1_0.plan_id,
        dpp1_0.producto_id 
    from
        detalles_plan_produccion dpp1_0 
    where
        dpp1_0.plan_id in (?, ?, ?, ?) 
    order by
        dpp1_0.plan_id,
        dpp1_0.id
Hibernate: 
    select
        p1_0.id,
        p1_0.activo,
        p1_0.actualizado_en,
        p1_0.atributos,
        p1_0.categoria_id,
        p1_0.creado_en,
        p1_0.descripcion,
        p1_0.destacado_storefront,
        p1_0.es_personalizable,
        p1_0.imagenes_galeria,
        p1_0.nombre,
        p1_0.precio_base_centimos,
        p1_0.precio_oferta_centimos,
        p1_0.sku,
        p1_0.slug,
        p1_0.tienda_id,
        p1_0.tipo,
        p1_0.url_imagen_principal,
        p1_0.visible_en_pos,
        p1_0.visible_en_storefront 
    from
        productos p1_0 
    where
        (
            p1_0.activo = 1
        ) 
        and p1_0.id in (?, ?)
Hibernate: 
    select
        ut1_0.id,
        ut1_0.activo,
        ut1_0.actualizado_en,
        ut1_0.correo,
        ut1_0.creado_en,
        ut1_0.eliminado_en,
        ut1_0.hash_contrasena,
        ut1_0.nombres_doc,
        ut1_0.numero_doc,
        ut1_0.rol_id,
        ut1_0.telefono,
        ut1_0.tienda_id,
        ut1_0.tipo_doc,
        ut1_0.ultimo_acceso_en 
    from
        usuarios_tienda ut1_0 
    where
        (
            ut1_0.activo = 1
        ) 
        and ut1_0.correo=?
Hibernate: 
    select
        ut1_0.id,
        ut1_0.activo,
        ut1_0.actualizado_en,
        ut1_0.correo,
        ut1_0.creado_en,
        ut1_0.eliminado_en,
        ut1_0.hash_contrasena,
        ut1_0.nombres_doc,
        ut1_0.numero_doc,
        ut1_0.rol_id,
        ut1_0.telefono,
        ut1_0.tienda_id,
        ut1_0.tipo_doc,
        ut1_0.ultimo_acceso_en 
    from
        usuarios_tienda ut1_0 
    where
        (
            ut1_0.activo = 1
        ) 
        and ut1_0.correo=?
Hibernate: 
    select
        us1_0.sede_id,
        us1_0.usuario_id,
        us1_0.es_sede_principal 
    from
        usuario_sedes us1_0 
    where
        (
            us1_0.sede_id, us1_0.usuario_id
        ) in ((?, ?))
Hibernate: 
    select
        s1_0.id,
        s1_0.activo,
        s1_0.actualizado_en,
        s1_0.codigo_interno,
        s1_0.creado_en,
        s1_0.direccion,
        s1_0.distrito_id,
        s1_0.eliminado_en,
        s1_0.es_principal,
        s1_0.nombre,
        s1_0.telefono,
        s1_0.tienda_id 
    from
        sedes s1_0 
    where
        s1_0.id=? 
        and (
            s1_0.eliminado_en IS NULL
        )
Hibernate: 
    select
        pp1_0.id,
        pp1_0.actualizado_en,
        pp1_0.confirmado_por,
        pp1_0.creado_en,
        pp1_0.estado,
        pp1_0.fecha_produccion,
        pp1_0.generado_por,
        pp1_0.hora_fin_real,
        pp1_0.hora_inicio_real,
        pp1_0.notas_maestro,
        pp1_0.sede_id,
        pp1_0.tienda_id 
    from
        planes_produccion pp1_0 
    where
        pp1_0.tienda_id=? 
        and pp1_0.sede_id=? 
    order by
        pp1_0.fecha_produccion desc
Hibernate: 
    select
        dpp1_0.id,
        dpp1_0.cantidad_merma,
        dpp1_0.cantidad_planificada,
        dpp1_0.cantidad_producida,
        dpp1_0.cantidad_sugerida,
        dpp1_0.detalle_pedido_id,
        dpp1_0.es_personalizado,
        dpp1_0.estado,
        dpp1_0.hora_termino,
        dpp1_0.observaciones,
        dpp1_0.origen,
        dpp1_0.pedido_cliente_id,
        dpp1_0.personalizacion_id,
        dpp1_0.plan_id,
        dpp1_0.producto_id 
    from
        detalles_plan_produccion dpp1_0 
    where
        dpp1_0.plan_id in (?, ?, ?, ?) 
    order by
        dpp1_0.plan_id,
        dpp1_0.id
Hibernate: 
    select
        p1_0.id,
        p1_0.activo,
        p1_0.actualizado_en,
        p1_0.atributos,
        p1_0.categoria_id,
        p1_0.creado_en,
        p1_0.descripcion,
        p1_0.destacado_storefront,
        p1_0.es_personalizable,
        p1_0.imagenes_galeria,
        p1_0.nombre,
        p1_0.precio_base_centimos,
        p1_0.precio_oferta_centimos,
        p1_0.sku,
        p1_0.slug,
        p1_0.tienda_id,
        p1_0.tipo,
        p1_0.url_imagen_principal,
        p1_0.visible_en_pos,
        p1_0.visible_en_storefront 
    from
        productos p1_0 
    where
        (
            p1_0.activo = 1
        ) 
        and p1_0.id in (?, ?)
Hibernate: 
    select
        ut1_0.id,
        ut1_0.activo,
        ut1_0.actualizado_en,
        ut1_0.correo,
        ut1_0.creado_en,
        ut1_0.eliminado_en,
        ut1_0.hash_contrasena,
        ut1_0.nombres_doc,
        ut1_0.numero_doc,
        ut1_0.rol_id,
        ut1_0.telefono,
        ut1_0.tienda_id,
        ut1_0.tipo_doc,
        ut1_0.ultimo_acceso_en 
    from
        usuarios_tienda ut1_0 
    where
        (
            ut1_0.activo = 1
        ) 
        and ut1_0.correo=?
Hibernate: 
    select
        ut1_0.id,
        ut1_0.activo,
        ut1_0.actualizado_en,
        ut1_0.correo,
        ut1_0.creado_en,
        ut1_0.eliminado_en,
        ut1_0.hash_contrasena,
        ut1_0.nombres_doc,
        ut1_0.numero_doc,
        ut1_0.rol_id,
        ut1_0.telefono,
        ut1_0.tienda_id,
        ut1_0.tipo_doc,
        ut1_0.ultimo_acceso_en 
    from
        usuarios_tienda ut1_0 
    where
        (
            ut1_0.activo = 1
        ) 
        and ut1_0.correo=?
Hibernate: 
    select
        us1_0.sede_id,
        us1_0.usuario_id,
        us1_0.es_sede_principal 
    from
        usuario_sedes us1_0 
    where
        (
            us1_0.sede_id, us1_0.usuario_id
        ) in ((?, ?))
Hibernate: 
    select
        s1_0.id,
        s1_0.activo,
        s1_0.actualizado_en,
        s1_0.codigo_interno,
        s1_0.creado_en,
        s1_0.direccion,
        s1_0.distrito_id,
        s1_0.eliminado_en,
        s1_0.es_principal,
        s1_0.nombre,
        s1_0.telefono,
        s1_0.tienda_id 
    from
        sedes s1_0 
    where
        s1_0.id=? 
        and (
            s1_0.eliminado_en IS NULL
        )
Hibernate: 
    select
        pp1_0.id,
        pp1_0.actualizado_en,
        pp1_0.confirmado_por,
        pp1_0.creado_en,
        pp1_0.estado,
        pp1_0.fecha_produccion,
        pp1_0.generado_por,
        pp1_0.hora_fin_real,
        pp1_0.hora_inicio_real,
        pp1_0.notas_maestro,
        pp1_0.sede_id,
        pp1_0.tienda_id 
    from
        planes_produccion pp1_0 
    where
        pp1_0.tienda_id=? 
        and pp1_0.sede_id=? 
    order by
        pp1_0.fecha_produccion desc
Hibernate: 
    select
        dpp1_0.id,
        dpp1_0.cantidad_merma,
        dpp1_0.cantidad_planificada,
        dpp1_0.cantidad_producida,
        dpp1_0.cantidad_sugerida,
        dpp1_0.detalle_pedido_id,
        dpp1_0.es_personalizado,
        dpp1_0.estado,
        dpp1_0.hora_termino,
        dpp1_0.observaciones,
        dpp1_0.origen,
        dpp1_0.pedido_cliente_id,
        dpp1_0.personalizacion_id,
        dpp1_0.plan_id,
        dpp1_0.producto_id 
    from
        detalles_plan_produccion dpp1_0 
    where
        dpp1_0.plan_id in (?, ?, ?, ?) 
    order by
        dpp1_0.plan_id,
        dpp1_0.id
Hibernate: 
    select
        p1_0.id,
        p1_0.activo,
        p1_0.actualizado_en,
        p1_0.atributos,
        p1_0.categoria_id,
        p1_0.creado_en,
        p1_0.descripcion,
        p1_0.destacado_storefront,
        p1_0.es_personalizable,
        p1_0.imagenes_galeria,
        p1_0.nombre,
        p1_0.precio_base_centimos,
        p1_0.precio_oferta_centimos,
        p1_0.sku,
        p1_0.slug,
        p1_0.tienda_id,
        p1_0.tipo,
        p1_0.url_imagen_principal,
        p1_0.visible_en_pos,
        p1_0.visible_en_storefront 
    from
        productos p1_0 
    where
        (
            p1_0.activo = 1
        ) 
        and p1_0.id in (?, ?)
Hibernate: 
    select
        ut1_0.id,
        ut1_0.activo,
        ut1_0.actualizado_en,
        ut1_0.correo,
        ut1_0.creado_en,
        ut1_0.eliminado_en,
        ut1_0.hash_contrasena,
        ut1_0.nombres_doc,
        ut1_0.numero_doc,
        ut1_0.rol_id,
        ut1_0.telefono,
        ut1_0.tienda_id,
        ut1_0.tipo_doc,
        ut1_0.ultimo_acceso_en 
    from
        usuarios_tienda ut1_0 
    where
        (
            ut1_0.activo = 1
        ) 
        and ut1_0.correo=?
Hibernate: 
    select
        ut1_0.id,
        ut1_0.activo,
        ut1_0.actualizado_en,
        ut1_0.correo,
        ut1_0.creado_en,
        ut1_0.eliminado_en,
        ut1_0.hash_contrasena,
        ut1_0.nombres_doc,
        ut1_0.numero_doc,
        ut1_0.rol_id,
        ut1_0.telefono,
        ut1_0.tienda_id,
        ut1_0.tipo_doc,
        ut1_0.ultimo_acceso_en 
    from
        usuarios_tienda ut1_0 
    where
        (
            ut1_0.activo = 1
        ) 
        and ut1_0.correo=?
Hibernate: 
    select
        us1_0.sede_id,
        us1_0.usuario_id,
        us1_0.es_sede_principal 
    from
        usuario_sedes us1_0 
    where
        (
            us1_0.sede_id, us1_0.usuario_id
        ) in ((?, ?))
Hibernate: 
    select
        s1_0.id,
        s1_0.activo,
        s1_0.actualizado_en,
        s1_0.codigo_interno,
        s1_0.creado_en,
        s1_0.direccion,
        s1_0.distrito_id,
        s1_0.eliminado_en,
        s1_0.es_principal,
        s1_0.nombre,
        s1_0.telefono,
        s1_0.tienda_id 
    from
        sedes s1_0 
    where
        s1_0.id=? 
        and (
            s1_0.eliminado_en IS NULL
        )
Hibernate: 
    select
        pp1_0.id,
        pp1_0.actualizado_en,
        pp1_0.confirmado_por,
        pp1_0.creado_en,
        pp1_0.estado,
        pp1_0.fecha_produccion,
        pp1_0.generado_por,
        pp1_0.hora_fin_real,
        pp1_0.hora_inicio_real,
        pp1_0.notas_maestro,
        pp1_0.sede_id,
        pp1_0.tienda_id 
    from
        planes_produccion pp1_0 
    where
        pp1_0.tienda_id=? 
        and pp1_0.sede_id=? 
    order by
        pp1_0.fecha_produccion desc
Hibernate: 
    select
        dpp1_0.id,
        dpp1_0.cantidad_merma,
        dpp1_0.cantidad_planificada,
        dpp1_0.cantidad_producida,
        dpp1_0.cantidad_sugerida,
        dpp1_0.detalle_pedido_id,
        dpp1_0.es_personalizado,
        dpp1_0.estado,
        dpp1_0.hora_termino,
        dpp1_0.observaciones,
        dpp1_0.origen,
        dpp1_0.pedido_cliente_id,
        dpp1_0.personalizacion_id,
        dpp1_0.plan_id,
        dpp1_0.producto_id 
    from
        detalles_plan_produccion dpp1_0 
    where
        dpp1_0.plan_id in (?, ?, ?, ?) 
    order by
        dpp1_0.plan_id,
        dpp1_0.id
Hibernate: 
    select
        p1_0.id,
        p1_0.activo,
        p1_0.actualizado_en,
        p1_0.atributos,
        p1_0.categoria_id,
        p1_0.creado_en,
        p1_0.descripcion,
        p1_0.destacado_storefront,
        p1_0.es_personalizable,
        p1_0.imagenes_galeria,
        p1_0.nombre,
        p1_0.precio_base_centimos,
        p1_0.precio_oferta_centimos,
        p1_0.sku,
        p1_0.slug,
        p1_0.tienda_id,
        p1_0.tipo,
        p1_0.url_imagen_principal,
        p1_0.visible_en_pos,
        p1_0.visible_en_storefront 
    from
        productos p1_0 
    where
        (
            p1_0.activo = 1
        ) 
        and p1_0.id in (?, ?)
Hibernate: 
    select
        ut1_0.id,
        ut1_0.activo,
        ut1_0.actualizado_en,
        ut1_0.correo,
        ut1_0.creado_en,
        ut1_0.eliminado_en,
        ut1_0.hash_contrasena,
        ut1_0.nombres_doc,
        ut1_0.numero_doc,
        ut1_0.rol_id,
        ut1_0.telefono,
        ut1_0.tienda_id,
        ut1_0.tipo_doc,
        ut1_0.ultimo_acceso_en 
    from
        usuarios_tienda ut1_0 
    where
        (
            ut1_0.activo = 1
        ) 
        and ut1_0.correo=?
Hibernate: 
    select
        ut1_0.id,
        ut1_0.activo,
        ut1_0.actualizado_en,
        ut1_0.correo,
        ut1_0.creado_en,
        ut1_0.eliminado_en,
        ut1_0.hash_contrasena,
        ut1_0.nombres_doc,
        ut1_0.numero_doc,
        ut1_0.rol_id,
        ut1_0.telefono,
        ut1_0.tienda_id,
        ut1_0.tipo_doc,
        ut1_0.ultimo_acceso_en 
    from
        usuarios_tienda ut1_0 
    where
        (
            ut1_0.activo = 1
        ) 
        and ut1_0.correo=?
Hibernate: 
    select
        us1_0.sede_id,
        us1_0.usuario_id,
        us1_0.es_sede_principal 
    from
        usuario_sedes us1_0 
    where
        (
            us1_0.sede_id, us1_0.usuario_id
        ) in ((?, ?))
Hibernate: 
    select
        s1_0.id,
        s1_0.activo,
        s1_0.actualizado_en,
        s1_0.codigo_interno,
        s1_0.creado_en,
        s1_0.direccion,
        s1_0.distrito_id,
        s1_0.eliminado_en,
        s1_0.es_principal,
        s1_0.nombre,
        s1_0.telefono,
        s1_0.tienda_id 
    from
        sedes s1_0 
    where
        s1_0.id=? 
        and (
            s1_0.eliminado_en IS NULL
        )
Hibernate: 
    select
        pp1_0.id,
        pp1_0.actualizado_en,
        pp1_0.confirmado_por,
        pp1_0.creado_en,
        pp1_0.estado,
        pp1_0.fecha_produccion,
        pp1_0.generado_por,
        pp1_0.hora_fin_real,
        pp1_0.hora_inicio_real,
        pp1_0.notas_maestro,
        pp1_0.sede_id,
        pp1_0.tienda_id 
    from
        planes_produccion pp1_0 
    where
        pp1_0.tienda_id=? 
        and pp1_0.sede_id=? 
    order by
        pp1_0.fecha_produccion desc
Hibernate: 
    select
        dpp1_0.id,
        dpp1_0.cantidad_merma,
        dpp1_0.cantidad_planificada,
        dpp1_0.cantidad_producida,
        dpp1_0.cantidad_sugerida,
        dpp1_0.detalle_pedido_id,
        dpp1_0.es_personalizado,
        dpp1_0.estado,
        dpp1_0.hora_termino,
        dpp1_0.observaciones,
        dpp1_0.origen,
        dpp1_0.pedido_cliente_id,
        dpp1_0.personalizacion_id,
        dpp1_0.plan_id,
        dpp1_0.producto_id 
    from
        detalles_plan_produccion dpp1_0 
    where
        dpp1_0.plan_id in (?, ?, ?, ?) 
    order by
        dpp1_0.plan_id,
        dpp1_0.id
Hibernate: 
    select
        p1_0.id,
        p1_0.activo,
        p1_0.actualizado_en,
        p1_0.atributos,
        p1_0.categoria_id,
        p1_0.creado_en,
        p1_0.descripcion,
        p1_0.destacado_storefront,
        p1_0.es_personalizable,
        p1_0.imagenes_galeria,
        p1_0.nombre,
        p1_0.precio_base_centimos,
        p1_0.precio_oferta_centimos,
        p1_0.sku,
        p1_0.slug,
        p1_0.tienda_id,
        p1_0.tipo,
        p1_0.url_imagen_principal,
        p1_0.visible_en_pos,
        p1_0.visible_en_storefront 
    from
        productos p1_0 
    where
        (
            p1_0.activo = 1
        ) 
        and p1_0.id in (?, ?)
Hibernate: 
    select
        ut1_0.id,
        ut1_0.activo,
        ut1_0.actualizado_en,
        ut1_0.correo,
        ut1_0.creado_en,
        ut1_0.eliminado_en,
        ut1_0.hash_contrasena,
        ut1_0.nombres_doc,
        ut1_0.numero_doc,
        ut1_0.rol_id,
        ut1_0.telefono,
        ut1_0.tienda_id,
        ut1_0.tipo_doc,
        ut1_0.ultimo_acceso_en 
    from
        usuarios_tienda ut1_0 
    where
        (
            ut1_0.activo = 1
        ) 
        and ut1_0.correo=?
Hibernate: 
    select
        ut1_0.id,
        ut1_0.activo,
        ut1_0.actualizado_en,
        ut1_0.correo,
        ut1_0.creado_en,
        ut1_0.eliminado_en,
        ut1_0.hash_contrasena,
        ut1_0.nombres_doc,
        ut1_0.numero_doc,
        ut1_0.rol_id,
        ut1_0.telefono,
        ut1_0.tienda_id,
        ut1_0.tipo_doc,
        ut1_0.ultimo_acceso_en 
    from
        usuarios_tienda ut1_0 
    where
        (
            ut1_0.activo = 1
        ) 
        and ut1_0.correo=?
Hibernate: 
    select
        us1_0.sede_id,
        us1_0.usuario_id,
        us1_0.es_sede_principal 
    from
        usuario_sedes us1_0 
    where
        (
            us1_0.sede_id, us1_0.usuario_id
        ) in ((?, ?))
Hibernate: 
    select
        s1_0.id,
        s1_0.activo,
        s1_0.actualizado_en,
        s1_0.codigo_interno,
        s1_0.creado_en,
        s1_0.direccion,
        s1_0.distrito_id,
        s1_0.eliminado_en,
        s1_0.es_principal,
        s1_0.nombre,
        s1_0.telefono,
        s1_0.tienda_id 
    from
        sedes s1_0 
    where
        s1_0.id=? 
        and (
            s1_0.eliminado_en IS NULL
        )
Hibernate: 
    select
        pp1_0.id,
        pp1_0.actualizado_en,
        pp1_0.confirmado_por,
        pp1_0.creado_en,
        pp1_0.estado,
        pp1_0.fecha_produccion,
        pp1_0.generado_por,
        pp1_0.hora_fin_real,
        pp1_0.hora_inicio_real,
        pp1_0.notas_maestro,
        pp1_0.sede_id,
        pp1_0.tienda_id 
    from
        planes_produccion pp1_0 
    where
        pp1_0.tienda_id=? 
        and pp1_0.sede_id=? 
    order by
        pp1_0.fecha_produccion desc
Hibernate: 
    select
        dpp1_0.id,
        dpp1_0.cantidad_merma,
        dpp1_0.cantidad_planificada,
        dpp1_0.cantidad_producida,
        dpp1_0.cantidad_sugerida,
        dpp1_0.detalle_pedido_id,
        dpp1_0.es_personalizado,
        dpp1_0.estado,
        dpp1_0.hora_termino,
        dpp1_0.observaciones,
        dpp1_0.origen,
        dpp1_0.pedido_cliente_id,
        dpp1_0.personalizacion_id,
        dpp1_0.plan_id,
        dpp1_0.producto_id 
    from
        detalles_plan_produccion dpp1_0 
    where
        dpp1_0.plan_id in (?, ?, ?, ?) 
    order by
        dpp1_0.plan_id,
        dpp1_0.id
Hibernate: 
    select
        p1_0.id,
        p1_0.activo,
        p1_0.actualizado_en,
        p1_0.atributos,
        p1_0.categoria_id,
        p1_0.creado_en,
        p1_0.descripcion,
        p1_0.destacado_storefront,
        p1_0.es_personalizable,
        p1_0.imagenes_galeria,
        p1_0.nombre,
        p1_0.precio_base_centimos,
        p1_0.precio_oferta_centimos,
        p1_0.sku,
        p1_0.slug,
        p1_0.tienda_id,
        p1_0.tipo,
        p1_0.url_imagen_principal,
        p1_0.visible_en_pos,
        p1_0.visible_en_storefront 
    from
        productos p1_0 
    where
        (
            p1_0.activo = 1
        ) 
        and p1_0.id in (?, ?)
Hibernate: 
    select
        ut1_0.id,
        ut1_0.activo,
        ut1_0.actualizado_en,
        ut1_0.correo,
        ut1_0.creado_en,
        ut1_0.eliminado_en,
        ut1_0.hash_contrasena,
        ut1_0.nombres_doc,
        ut1_0.numero_doc,
        ut1_0.rol_id,
        ut1_0.telefono,
        ut1_0.tienda_id,
        ut1_0.tipo_doc,
        ut1_0.ultimo_acceso_en 
    from
        usuarios_tienda ut1_0 
    where
        (
            ut1_0.activo = 1
        ) 
        and ut1_0.correo=?
Hibernate: 
    select
        ut1_0.id,
        ut1_0.activo,
        ut1_0.actualizado_en,
        ut1_0.correo,
        ut1_0.creado_en,
        ut1_0.eliminado_en,
        ut1_0.hash_contrasena,
        ut1_0.nombres_doc,
        ut1_0.numero_doc,
        ut1_0.rol_id,
        ut1_0.telefono,
        ut1_0.tienda_id,
        ut1_0.tipo_doc,
        ut1_0.ultimo_acceso_en 
    from
        usuarios_tienda ut1_0 
    where
        (
            ut1_0.activo = 1
        ) 
        and ut1_0.correo=?
Hibernate: 
    select
        ut1_0.id,
        ut1_0.activo,
        ut1_0.actualizado_en,
        ut1_0.correo,
        ut1_0.creado_en,
        ut1_0.eliminado_en,
        ut1_0.hash_contrasena,
        ut1_0.nombres_doc,
        ut1_0.numero_doc,
        ut1_0.rol_id,
        ut1_0.telefono,
        ut1_0.tienda_id,
        ut1_0.tipo_doc,
        ut1_0.ultimo_acceso_en 
    from
        usuarios_tienda ut1_0 
    where
        (
            ut1_0.activo = 1
        ) 
        and ut1_0.correo=?
Hibernate: 
    select
        ut1_0.id,
        ut1_0.activo,
        ut1_0.actualizado_en,
        ut1_0.correo,
        ut1_0.creado_en,
        ut1_0.eliminado_en,
        ut1_0.hash_contrasena,
        ut1_0.nombres_doc,
        ut1_0.numero_doc,
        ut1_0.rol_id,
        ut1_0.telefono,
        ut1_0.tienda_id,
        ut1_0.tipo_doc,
        ut1_0.ultimo_acceso_en 
    from
        usuarios_tienda ut1_0 
    where
        (
            ut1_0.activo = 1
        ) 
        and ut1_0.correo=?
Hibernate: 
    select
        us1_0.sede_id,
        us1_0.usuario_id,
        us1_0.es_sede_principal 
    from
        usuario_sedes us1_0 
    where
        (
            us1_0.sede_id, us1_0.usuario_id
        ) in ((?, ?))
Hibernate: 
    select
        us1_0.sede_id,
        us1_0.usuario_id,
        us1_0.es_sede_principal 
    from
        usuario_sedes us1_0 
    where
        (
            us1_0.sede_id, us1_0.usuario_id
        ) in ((?, ?))
Hibernate: 
    select
        s1_0.id,
        s1_0.activo,
        s1_0.actualizado_en,
        s1_0.codigo_interno,
        s1_0.creado_en,
        s1_0.direccion,
        s1_0.distrito_id,
        s1_0.eliminado_en,
        s1_0.es_principal,
        s1_0.nombre,
        s1_0.telefono,
        s1_0.tienda_id 
    from
        sedes s1_0 
    where
        s1_0.id=? 
        and (
            s1_0.eliminado_en IS NULL
        )
Hibernate: 
    select
        s1_0.id,
        s1_0.activo,
        s1_0.actualizado_en,
        s1_0.codigo_interno,
        s1_0.creado_en,
        s1_0.direccion,
        s1_0.distrito_id,
        s1_0.eliminado_en,
        s1_0.es_principal,
        s1_0.nombre,
        s1_0.telefono,
        s1_0.tienda_id 
    from
        sedes s1_0 
    where
        s1_0.id=? 
        and (
            s1_0.eliminado_en IS NULL
        )
Hibernate: 
    select
        pp1_0.id,
        pp1_0.actualizado_en,
        pp1_0.confirmado_por,
        pp1_0.creado_en,
        pp1_0.estado,
        pp1_0.fecha_produccion,
        pp1_0.generado_por,
        pp1_0.hora_fin_real,
        pp1_0.hora_inicio_real,
        pp1_0.notas_maestro,
        pp1_0.sede_id,
        pp1_0.tienda_id 
    from
        planes_produccion pp1_0 
    where
        pp1_0.tienda_id=? 
        and pp1_0.sede_id=? 
    order by
        pp1_0.fecha_produccion desc
Hibernate: 
    select
        ut1_0.id,
        ut1_0.activo,
        ut1_0.actualizado_en,
        ut1_0.correo,
        ut1_0.creado_en,
        ut1_0.eliminado_en,
        ut1_0.hash_contrasena,
        ut1_0.nombres_doc,
        ut1_0.numero_doc,
        ut1_0.rol_id,
        ut1_0.telefono,
        ut1_0.tienda_id,
        ut1_0.tipo_doc,
        ut1_0.ultimo_acceso_en 
    from
        usuarios_tienda ut1_0 
    where
        (
            ut1_0.activo = 1
        ) 
        and ut1_0.tienda_id=? 
        and ut1_0.correo=?
Hibernate: 
    select
        dpp1_0.id,
        dpp1_0.cantidad_merma,
        dpp1_0.cantidad_planificada,
        dpp1_0.cantidad_producida,
        dpp1_0.cantidad_sugerida,
        dpp1_0.detalle_pedido_id,
        dpp1_0.es_personalizado,
        dpp1_0.estado,
        dpp1_0.hora_termino,
        dpp1_0.observaciones,
        dpp1_0.origen,
        dpp1_0.pedido_cliente_id,
        dpp1_0.personalizacion_id,
        dpp1_0.plan_id,
        dpp1_0.producto_id 
    from
        detalles_plan_produccion dpp1_0 
    where
        dpp1_0.plan_id in (?, ?, ?, ?) 
    order by
        dpp1_0.plan_id,
        dpp1_0.id
Hibernate: 
    select
        us1_0.sede_id,
        us1_0.usuario_id,
        us1_0.es_sede_principal 
    from
        usuario_sedes us1_0 
    where
        us1_0.usuario_id=?
Hibernate: 
    select
        p1_0.id,
        p1_0.activo,
        p1_0.actualizado_en,
        p1_0.atributos,
        p1_0.categoria_id,
        p1_0.creado_en,
        p1_0.descripcion,
        p1_0.destacado_storefront,
        p1_0.es_personalizable,
        p1_0.imagenes_galeria,
        p1_0.nombre,
        p1_0.precio_base_centimos,
        p1_0.precio_oferta_centimos,
        p1_0.sku,
        p1_0.slug,
        p1_0.tienda_id,
        p1_0.tipo,
        p1_0.url_imagen_principal,
        p1_0.visible_en_pos,
        p1_0.visible_en_storefront 
    from
        productos p1_0 
    where
        (
            p1_0.activo = 1
        ) 
        and p1_0.id in (?, ?)
Hibernate: 
    select
        s1_0.id,
        s1_0.activo,
        s1_0.actualizado_en,
        s1_0.codigo_interno,
        s1_0.creado_en,
        s1_0.direccion,
        s1_0.distrito_id,
        s1_0.eliminado_en,
        s1_0.es_principal,
        s1_0.nombre,
        s1_0.telefono,
        s1_0.tienda_id 
    from
        sedes s1_0 
    where
        (
            s1_0.eliminado_en IS NULL
        ) 
        and s1_0.id in (?) 
        and s1_0.activo
Hibernate: 
    select
        ut1_0.id,
        ut1_0.activo,
        ut1_0.actualizado_en,
        ut1_0.correo,
        ut1_0.creado_en,
        ut1_0.eliminado_en,
        ut1_0.hash_contrasena,
        ut1_0.nombres_doc,
        ut1_0.numero_doc,
        ut1_0.rol_id,
        ut1_0.telefono,
        ut1_0.tienda_id,
        ut1_0.tipo_doc,
        ut1_0.ultimo_acceso_en 
    from
        usuarios_tienda ut1_0 
    where
        (
            ut1_0.activo = 1
        ) 
        and ut1_0.correo=?
Hibernate: 
    select
        ut1_0.id,
        ut1_0.activo,
        ut1_0.actualizado_en,
        ut1_0.correo,
        ut1_0.creado_en,
        ut1_0.eliminado_en,
        ut1_0.hash_contrasena,
        ut1_0.nombres_doc,
        ut1_0.numero_doc,
        ut1_0.rol_id,
        ut1_0.telefono,
        ut1_0.tienda_id,
        ut1_0.tipo_doc,
        ut1_0.ultimo_acceso_en 
    from
        usuarios_tienda ut1_0 
    where
        (
            ut1_0.activo = 1
        ) 
        and ut1_0.correo=?
Hibernate: 
    select
        us1_0.sede_id,
        us1_0.usuario_id,
        us1_0.es_sede_principal 
    from
        usuario_sedes us1_0 
    where
        (
            us1_0.sede_id, us1_0.usuario_id
        ) in ((?, ?))
Hibernate: 
    select
        s1_0.id,
        s1_0.activo,
        s1_0.actualizado_en,
        s1_0.codigo_interno,
        s1_0.creado_en,
        s1_0.direccion,
        s1_0.distrito_id,
        s1_0.eliminado_en,
        s1_0.es_principal,
        s1_0.nombre,
        s1_0.telefono,
        s1_0.tienda_id 
    from
        sedes s1_0 
    where
        s1_0.id=? 
        and (
            s1_0.eliminado_en IS NULL
        )
Hibernate: 
    select
        pp1_0.id,
        pp1_0.actualizado_en,
        pp1_0.confirmado_por,
        pp1_0.creado_en,
        pp1_0.estado,
        pp1_0.fecha_produccion,
        pp1_0.generado_por,
        pp1_0.hora_fin_real,
        pp1_0.hora_inicio_real,
        pp1_0.notas_maestro,
        pp1_0.sede_id,
        pp1_0.tienda_id 
    from
        planes_produccion pp1_0 
    where
        pp1_0.tienda_id=? 
        and pp1_0.sede_id=? 
    order by
        pp1_0.fecha_produccion desc
Hibernate: 
    select
        dpp1_0.id,
        dpp1_0.cantidad_merma,
        dpp1_0.cantidad_planificada,
        dpp1_0.cantidad_producida,
        dpp1_0.cantidad_sugerida,
        dpp1_0.detalle_pedido_id,
        dpp1_0.es_personalizado,
        dpp1_0.estado,
        dpp1_0.hora_termino,
        dpp1_0.observaciones,
        dpp1_0.origen,
        dpp1_0.pedido_cliente_id,
        dpp1_0.personalizacion_id,
        dpp1_0.plan_id,
        dpp1_0.producto_id 
    from
        detalles_plan_produccion dpp1_0 
    where
        dpp1_0.plan_id in (?, ?, ?, ?) 
    order by
        dpp1_0.plan_id,
        dpp1_0.id
Hibernate: 
    select
        p1_0.id,
        p1_0.activo,
        p1_0.actualizado_en,
        p1_0.atributos,
        p1_0.categoria_id,
        p1_0.creado_en,
        p1_0.descripcion,
        p1_0.destacado_storefront,
        p1_0.es_personalizable,
        p1_0.imagenes_galeria,
        p1_0.nombre,
        p1_0.precio_base_centimos,
        p1_0.precio_oferta_centimos,
        p1_0.sku,
        p1_0.slug,
        p1_0.tienda_id,
        p1_0.tipo,
        p1_0.url_imagen_principal,
        p1_0.visible_en_pos,
        p1_0.visible_en_storefront 
    from
        productos p1_0 
    where
        (
            p1_0.activo = 1
        ) 
        and p1_0.id in (?, ?)
Hibernate: 
    select
        ut1_0.id,
        ut1_0.activo,
        ut1_0.actualizado_en,
        ut1_0.correo,
        ut1_0.creado_en,
        ut1_0.eliminado_en,
        ut1_0.hash_contrasena,
        ut1_0.nombres_doc,
        ut1_0.numero_doc,
        ut1_0.rol_id,
        ut1_0.telefono,
        ut1_0.tienda_id,
        ut1_0.tipo_doc,
        ut1_0.ultimo_acceso_en 
    from
        usuarios_tienda ut1_0 
    where
        (
            ut1_0.activo = 1
        ) 
        and ut1_0.correo=?
Hibernate: 
    select
        ut1_0.id,
        ut1_0.activo,
        ut1_0.actualizado_en,
        ut1_0.correo,
        ut1_0.creado_en,
        ut1_0.eliminado_en,
        ut1_0.hash_contrasena,
        ut1_0.nombres_doc,
        ut1_0.numero_doc,
        ut1_0.rol_id,
        ut1_0.telefono,
        ut1_0.tienda_id,
        ut1_0.tipo_doc,
        ut1_0.ultimo_acceso_en 
    from
        usuarios_tienda ut1_0 
    where
        (
            ut1_0.activo = 1
        ) 
        and ut1_0.correo=?
Hibernate: 
    select
        us1_0.sede_id,
        us1_0.usuario_id,
        us1_0.es_sede_principal 
    from
        usuario_sedes us1_0 
    where
        (
            us1_0.sede_id, us1_0.usuario_id
        ) in ((?, ?))
Hibernate: 
    select
        s1_0.id,
        s1_0.activo,
        s1_0.actualizado_en,
        s1_0.codigo_interno,
        s1_0.creado_en,
        s1_0.direccion,
        s1_0.distrito_id,
        s1_0.eliminado_en,
        s1_0.es_principal,
        s1_0.nombre,
        s1_0.telefono,
        s1_0.tienda_id 
    from
        sedes s1_0 
    where
        s1_0.id=? 
        and (
            s1_0.eliminado_en IS NULL
        )
Hibernate: 
    select
        pp1_0.id,
        pp1_0.actualizado_en,
        pp1_0.confirmado_por,
        pp1_0.creado_en,
        pp1_0.estado,
        pp1_0.fecha_produccion,
        pp1_0.generado_por,
        pp1_0.hora_fin_real,
        pp1_0.hora_inicio_real,
        pp1_0.notas_maestro,
        pp1_0.sede_id,
        pp1_0.tienda_id 
    from
        planes_produccion pp1_0 
    where
        pp1_0.tienda_id=? 
        and pp1_0.sede_id=? 
    order by
        pp1_0.fecha_produccion desc
Hibernate: 
    select
        dpp1_0.id,
        dpp1_0.cantidad_merma,
        dpp1_0.cantidad_planificada,
        dpp1_0.cantidad_producida,
        dpp1_0.cantidad_sugerida,
        dpp1_0.detalle_pedido_id,
        dpp1_0.es_personalizado,
        dpp1_0.estado,
        dpp1_0.hora_termino,
        dpp1_0.observaciones,
        dpp1_0.origen,
        dpp1_0.pedido_cliente_id,
        dpp1_0.personalizacion_id,
        dpp1_0.plan_id,
        dpp1_0.producto_id 
    from
        detalles_plan_produccion dpp1_0 
    where
        dpp1_0.plan_id in (?, ?, ?, ?) 
    order by
        dpp1_0.plan_id,
        dpp1_0.id
Hibernate: 
    select
        p1_0.id,
        p1_0.activo,
        p1_0.actualizado_en,
        p1_0.atributos,
        p1_0.categoria_id,
        p1_0.creado_en,
        p1_0.descripcion,
        p1_0.destacado_storefront,
        p1_0.es_personalizable,
        p1_0.imagenes_galeria,
        p1_0.nombre,
        p1_0.precio_base_centimos,
        p1_0.precio_oferta_centimos,
        p1_0.sku,
        p1_0.slug,
        p1_0.tienda_id,
        p1_0.tipo,
        p1_0.url_imagen_principal,
        p1_0.visible_en_pos,
        p1_0.visible_en_storefront 
    from
        productos p1_0 
    where
        (
            p1_0.activo = 1
        ) 
        and p1_0.id in (?, ?)
Hibernate: 
    select
        ut1_0.id,
        ut1_0.activo,
        ut1_0.actualizado_en,
        ut1_0.correo,
        ut1_0.creado_en,
        ut1_0.eliminado_en,
        ut1_0.hash_contrasena,
        ut1_0.nombres_doc,
        ut1_0.numero_doc,
        ut1_0.rol_id,
        ut1_0.telefono,
        ut1_0.tienda_id,
        ut1_0.tipo_doc,
        ut1_0.ultimo_acceso_en 
    from
        usuarios_tienda ut1_0 
    where
        (
            ut1_0.activo = 1
        ) 
        and ut1_0.correo=?
Hibernate: 
    select
        ut1_0.id,
        ut1_0.activo,
        ut1_0.actualizado_en,
        ut1_0.correo,
        ut1_0.creado_en,
        ut1_0.eliminado_en,
        ut1_0.hash_contrasena,
        ut1_0.nombres_doc,
        ut1_0.numero_doc,
        ut1_0.rol_id,
        ut1_0.telefono,
        ut1_0.tienda_id,
        ut1_0.tipo_doc,
        ut1_0.ultimo_acceso_en 
    from
        usuarios_tienda ut1_0 
    where
        (
            ut1_0.activo = 1
        ) 
        and ut1_0.correo=?
Hibernate: 
    select
        ut1_0.id,
        ut1_0.activo,
        ut1_0.actualizado_en,
        ut1_0.correo,
        ut1_0.creado_en,
        ut1_0.eliminado_en,
        ut1_0.hash_contrasena,
        ut1_0.nombres_doc,
        ut1_0.numero_doc,
        ut1_0.rol_id,
        ut1_0.telefono,
        ut1_0.tienda_id,
        ut1_0.tipo_doc,
        ut1_0.ultimo_acceso_en 
    from
        usuarios_tienda ut1_0 
    where
        (
            ut1_0.activo = 1
        ) 
        and ut1_0.correo=?
Hibernate: 
    select
        ut1_0.id,
        ut1_0.activo,
        ut1_0.actualizado_en,
        ut1_0.correo,
        ut1_0.creado_en,
        ut1_0.eliminado_en,
        ut1_0.hash_contrasena,
        ut1_0.nombres_doc,
        ut1_0.numero_doc,
        ut1_0.rol_id,
        ut1_0.telefono,
        ut1_0.tienda_id,
        ut1_0.tipo_doc,
        ut1_0.ultimo_acceso_en 
    from
        usuarios_tienda ut1_0 
    where
        (
            ut1_0.activo = 1
        ) 
        and ut1_0.correo=?
Hibernate: 
    select
        us1_0.sede_id,
        us1_0.usuario_id,
        us1_0.es_sede_principal 
    from
        usuario_sedes us1_0 
    where
        (
            us1_0.sede_id, us1_0.usuario_id
        ) in ((?, ?))
Hibernate: 
    select
        us1_0.sede_id,
        us1_0.usuario_id,
        us1_0.es_sede_principal 
    from
        usuario_sedes us1_0 
    where
        (
            us1_0.sede_id, us1_0.usuario_id
        ) in ((?, ?))
Hibernate: 
    select
        s1_0.id,
        s1_0.activo,
        s1_0.actualizado_en,
        s1_0.codigo_interno,
        s1_0.creado_en,
        s1_0.direccion,
        s1_0.distrito_id,
        s1_0.eliminado_en,
        s1_0.es_principal,
        s1_0.nombre,
        s1_0.telefono,
        s1_0.tienda_id 
    from
        sedes s1_0 
    where
        s1_0.id=? 
        and (
            s1_0.eliminado_en IS NULL
        )
Hibernate: 
    select
        s1_0.id,
        s1_0.activo,
        s1_0.actualizado_en,
        s1_0.codigo_interno,
        s1_0.creado_en,
        s1_0.direccion,
        s1_0.distrito_id,
        s1_0.eliminado_en,
        s1_0.es_principal,
        s1_0.nombre,
        s1_0.telefono,
        s1_0.tienda_id 
    from
        sedes s1_0 
    where
        s1_0.id=? 
        and (
            s1_0.eliminado_en IS NULL
        )
Hibernate: 
    select
        ut1_0.id,
        ut1_0.activo,
        ut1_0.actualizado_en,
        ut1_0.correo,
        ut1_0.creado_en,
        ut1_0.eliminado_en,
        ut1_0.hash_contrasena,
        ut1_0.nombres_doc,
        ut1_0.numero_doc,
        ut1_0.rol_id,
        ut1_0.telefono,
        ut1_0.tienda_id,
        ut1_0.tipo_doc,
        ut1_0.ultimo_acceso_en 
    from
        usuarios_tienda ut1_0 
    where
        (
            ut1_0.activo = 1
        ) 
        and ut1_0.tienda_id=?
Hibernate: 
    select
        c1_0.id,
        c1_0.activa,
        c1_0.creado_en,
        c1_0.nombre,
        c1_0.sede_id,
        c1_0.tienda_id 
    from
        cajas c1_0 
    where
        (
            c1_0.activa = 1
        ) 
        and c1_0.tienda_id=? 
    order by
        c1_0.nombre
Hibernate: 
    select
        r1_0.id,
        r1_0.creado_en,
        r1_0.descripcion,
        r1_0.es_sistema,
        r1_0.nombre,
        r1_0.tienda_id 
    from
        roles r1_0 
    where
        r1_0.tienda_id=?
Hibernate: 
    select
        ut1_0.id,
        ut1_0.activo,
        ut1_0.actualizado_en,
        ut1_0.correo,
        ut1_0.creado_en,
        ut1_0.eliminado_en,
        ut1_0.hash_contrasena,
        ut1_0.nombres_doc,
        ut1_0.numero_doc,
        ut1_0.rol_id,
        ut1_0.telefono,
        ut1_0.tienda_id,
        ut1_0.tipo_doc,
        ut1_0.ultimo_acceso_en 
    from
        usuarios_tienda ut1_0 
    where
        (
            ut1_0.activo = 1
        ) 
        and ut1_0.correo=?
Hibernate: 
    select
        ut1_0.id,
        ut1_0.activo,
        ut1_0.actualizado_en,
        ut1_0.correo,
        ut1_0.creado_en,
        ut1_0.eliminado_en,
        ut1_0.hash_contrasena,
        ut1_0.nombres_doc,
        ut1_0.numero_doc,
        ut1_0.rol_id,
        ut1_0.telefono,
        ut1_0.tienda_id,
        ut1_0.tipo_doc,
        ut1_0.ultimo_acceso_en 
    from
        usuarios_tienda ut1_0 
    where
        (
            ut1_0.activo = 1
        ) 
        and ut1_0.correo=?
Hibernate: 
    select
        us1_0.sede_id,
        us1_0.usuario_id,
        us1_0.es_sede_principal 
    from
        usuario_sedes us1_0 
    where
        (
            us1_0.sede_id, us1_0.usuario_id
        ) in ((?, ?))
Hibernate: 
    select
        s1_0.id,
        s1_0.activo,
        s1_0.actualizado_en,
        s1_0.codigo_interno,
        s1_0.creado_en,
        s1_0.direccion,
        s1_0.distrito_id,
        s1_0.eliminado_en,
        s1_0.es_principal,
        s1_0.nombre,
        s1_0.telefono,
        s1_0.tienda_id 
    from
        sedes s1_0 
    where
        s1_0.id=? 
        and (
            s1_0.eliminado_en IS NULL
        )
Hibernate: 
    select
        sc1_0.id,
        sc1_0.caja_id,
        sc1_0.diferencia_centimos,
        sc1_0.esta_abierta,
        sc1_0.fecha_apertura,
        sc1_0.fecha_cierre,
        sc1_0.monto_final_esperado_centimos,
        sc1_0.monto_final_real_centimos,
        sc1_0.monto_inicial_centimos,
        sc1_0.tienda_id,
        sc1_0.usuario_apertura_id,
        sc1_0.usuario_cierre_id 
    from
        sesiones_caja sc1_0 
    where
        sc1_0.tienda_id=? 
        and sc1_0.esta_abierta=? 
    order by
        sc1_0.fecha_apertura desc
Hibernate: 
    select
        ut1_0.id,
        ut1_0.activo,
        ut1_0.actualizado_en,
        ut1_0.correo,
        ut1_0.creado_en,
        ut1_0.eliminado_en,
        ut1_0.hash_contrasena,
        ut1_0.nombres_doc,
        ut1_0.numero_doc,
        ut1_0.rol_id,
        ut1_0.telefono,
        ut1_0.tienda_id,
        ut1_0.tipo_doc,
        ut1_0.ultimo_acceso_en 
    from
        usuarios_tienda ut1_0 
    where
        (
            ut1_0.activo = 1
        ) 
        and ut1_0.correo=?
Hibernate: 
    select
        ut1_0.id,
        ut1_0.activo,
        ut1_0.actualizado_en,
        ut1_0.correo,
        ut1_0.creado_en,
        ut1_0.eliminado_en,
        ut1_0.hash_contrasena,
        ut1_0.nombres_doc,
        ut1_0.numero_doc,
        ut1_0.rol_id,
        ut1_0.telefono,
        ut1_0.tienda_id,
        ut1_0.tipo_doc,
        ut1_0.ultimo_acceso_en 
    from
        usuarios_tienda ut1_0 
    where
        (
            ut1_0.activo = 1
        ) 
        and ut1_0.correo=?
Hibernate: 
    select
        us1_0.sede_id,
        us1_0.usuario_id,
        us1_0.es_sede_principal 
    from
        usuario_sedes us1_0 
    where
        (
            us1_0.sede_id, us1_0.usuario_id
        ) in ((?, ?))
Hibernate: 
    select
        ut1_0.id,
        ut1_0.activo,
        ut1_0.actualizado_en,
        ut1_0.correo,
        ut1_0.creado_en,
        ut1_0.eliminado_en,
        ut1_0.hash_contrasena,
        ut1_0.nombres_doc,
        ut1_0.numero_doc,
        ut1_0.rol_id,
        ut1_0.telefono,
        ut1_0.tienda_id,
        ut1_0.tipo_doc,
        ut1_0.ultimo_acceso_en 
    from
        usuarios_tienda ut1_0 
    where
        (
            ut1_0.activo = 1
        ) 
        and ut1_0.correo=?
Hibernate: 
    select
        s1_0.id,
        s1_0.activo,
        s1_0.actualizado_en,
        s1_0.codigo_interno,
        s1_0.creado_en,
        s1_0.direccion,
        s1_0.distrito_id,
        s1_0.eliminado_en,
        s1_0.es_principal,
        s1_0.nombre,
        s1_0.telefono,
        s1_0.tienda_id 
    from
        sedes s1_0 
    where
        s1_0.id=? 
        and (
            s1_0.eliminado_en IS NULL
        )
Hibernate: 
    select
        ut1_0.id,
        ut1_0.activo,
        ut1_0.actualizado_en,
        ut1_0.correo,
        ut1_0.creado_en,
        ut1_0.eliminado_en,
        ut1_0.hash_contrasena,
        ut1_0.nombres_doc,
        ut1_0.numero_doc,
        ut1_0.rol_id,
        ut1_0.telefono,
        ut1_0.tienda_id,
        ut1_0.tipo_doc,
        ut1_0.ultimo_acceso_en 
    from
        usuarios_tienda ut1_0 
    where
        (
            ut1_0.activo = 1
        ) 
        and ut1_0.correo=?
Hibernate: 
    select
        ut1_0.id,
        ut1_0.activo,
        ut1_0.actualizado_en,
        ut1_0.correo,
        ut1_0.creado_en,
        ut1_0.eliminado_en,
        ut1_0.hash_contrasena,
        ut1_0.nombres_doc,
        ut1_0.numero_doc,
        ut1_0.rol_id,
        ut1_0.telefono,
        ut1_0.tienda_id,
        ut1_0.tipo_doc,
        ut1_0.ultimo_acceso_en 
    from
        usuarios_tienda ut1_0 
    where
        (
            ut1_0.activo = 1
        ) 
        and ut1_0.correo=?
Hibernate: 
    select
        ut1_0.id,
        ut1_0.activo,
        ut1_0.actualizado_en,
        ut1_0.correo,
        ut1_0.creado_en,
        ut1_0.eliminado_en,
        ut1_0.hash_contrasena,
        ut1_0.nombres_doc,
        ut1_0.numero_doc,
        ut1_0.rol_id,
        ut1_0.telefono,
        ut1_0.tienda_id,
        ut1_0.tipo_doc,
        ut1_0.ultimo_acceso_en 
    from
        usuarios_tienda ut1_0 
    where
        (
            ut1_0.activo = 1
        ) 
        and ut1_0.correo=?
Hibernate: 
    select
        ut1_0.id,
        ut1_0.activo,
        ut1_0.actualizado_en,
        ut1_0.correo,
        ut1_0.creado_en,
        ut1_0.eliminado_en,
        ut1_0.hash_contrasena,
        ut1_0.nombres_doc,
        ut1_0.numero_doc,
        ut1_0.rol_id,
        ut1_0.telefono,
        ut1_0.tienda_id,
        ut1_0.tipo_doc,
        ut1_0.ultimo_acceso_en 
    from
        usuarios_tienda ut1_0 
    where
        (
            ut1_0.activo = 1
        ) 
        and ut1_0.correo=?
Hibernate: 
    select
        us1_0.sede_id,
        us1_0.usuario_id,
        us1_0.es_sede_principal 
    from
        usuario_sedes us1_0 
    where
        (
            us1_0.sede_id, us1_0.usuario_id
        ) in ((?, ?))
Hibernate: 
    select
        ut1_0.id,
        ut1_0.activo,
        ut1_0.actualizado_en,
        ut1_0.correo,
        ut1_0.creado_en,
        ut1_0.eliminado_en,
        ut1_0.hash_contrasena,
        ut1_0.nombres_doc,
        ut1_0.numero_doc,
        ut1_0.rol_id,
        ut1_0.telefono,
        ut1_0.tienda_id,
        ut1_0.tipo_doc,
        ut1_0.ultimo_acceso_en 
    from
        usuarios_tienda ut1_0 
    where
        (
            ut1_0.activo = 1
        ) 
        and ut1_0.correo=?
Hibernate: 
    select
        s1_0.id,
        s1_0.activo,
        s1_0.actualizado_en,
        s1_0.codigo_interno,
        s1_0.creado_en,
        s1_0.direccion,
        s1_0.distrito_id,
        s1_0.eliminado_en,
        s1_0.es_principal,
        s1_0.nombre,
        s1_0.telefono,
        s1_0.tienda_id 
    from
        sedes s1_0 
    where
        s1_0.id=? 
        and (
            s1_0.eliminado_en IS NULL
        )
Hibernate: 
    select
        us1_0.sede_id,
        us1_0.usuario_id,
        us1_0.es_sede_principal 
    from
        usuario_sedes us1_0 
    where
        (
            us1_0.sede_id, us1_0.usuario_id
        ) in ((?, ?))
Hibernate: 
    select
        us1_0.sede_id,
        us1_0.usuario_id,
        us1_0.es_sede_principal 
    from
        usuario_sedes us1_0 
    where
        (
            us1_0.sede_id, us1_0.usuario_id
        ) in ((?, ?))
Hibernate: 
    select
        c1_0.id,
        c1_0.activo,
        c1_0.actualizado_en,
        c1_0.creado_en,
        c1_0.email,
        c1_0.es_usuario_virtual,
        c1_0.hash_contrasena,
        c1_0.nombre_doc,
        c1_0.notas,
        c1_0.numero_doc,
        c1_0.telefono,
        c1_0.tienda_id,
        c1_0.tipo_doc 
    from
        clientes c1_0 
    where
        (
            c1_0.activo = 1
        ) 
        and c1_0.tienda_id=?
Hibernate: 
    select
        s1_0.id,
        s1_0.activo,
        s1_0.actualizado_en,
        s1_0.codigo_interno,
        s1_0.creado_en,
        s1_0.direccion,
        s1_0.distrito_id,
        s1_0.eliminado_en,
        s1_0.es_principal,
        s1_0.nombre,
        s1_0.telefono,
        s1_0.tienda_id 
    from
        sedes s1_0 
    where
        s1_0.id=? 
        and (
            s1_0.eliminado_en IS NULL
        )
Hibernate: 
    select
        s1_0.id,
        s1_0.activo,
        s1_0.actualizado_en,
        s1_0.codigo_interno,
        s1_0.creado_en,
        s1_0.direccion,
        s1_0.distrito_id,
        s1_0.eliminado_en,
        s1_0.es_principal,
        s1_0.nombre,
        s1_0.telefono,
        s1_0.tienda_id 
    from
        sedes s1_0 
    where
        s1_0.id=? 
        and (
            s1_0.eliminado_en IS NULL
        )
Hibernate: 
    select
        ut1_0.id,
        ut1_0.activo,
        ut1_0.actualizado_en,
        ut1_0.correo,
        ut1_0.creado_en,
        ut1_0.eliminado_en,
        ut1_0.hash_contrasena,
        ut1_0.nombres_doc,
        ut1_0.numero_doc,
        ut1_0.rol_id,
        ut1_0.telefono,
        ut1_0.tienda_id,
        ut1_0.tipo_doc,
        ut1_0.ultimo_acceso_en 
    from
        usuarios_tienda ut1_0 
    where
        (
            ut1_0.activo = 1
        ) 
        and ut1_0.tienda_id=?
Hibernate: 
    select
        r1_0.id,
        r1_0.creado_en,
        r1_0.descripcion,
        r1_0.es_sistema,
        r1_0.nombre,
        r1_0.tienda_id 
    from
        roles r1_0 
    where
        r1_0.tienda_id=?
Hibernate: 
    select
        p1_0.id,
        p1_0.activo,
        p1_0.actualizado_en,
        p1_0.atributos,
        p1_0.categoria_id,
        p1_0.creado_en,
        p1_0.descripcion,
        p1_0.destacado_storefront,
        p1_0.es_personalizable,
        p1_0.imagenes_galeria,
        p1_0.nombre,
        p1_0.precio_base_centimos,
        p1_0.precio_oferta_centimos,
        p1_0.sku,
        p1_0.slug,
        p1_0.tienda_id,
        p1_0.tipo,
        p1_0.url_imagen_principal,
        p1_0.visible_en_pos,
        p1_0.visible_en_storefront 
    from
        productos p1_0 
    where
        (
            p1_0.activo = 1
        ) 
        and p1_0.tienda_id=? 
    order by
        p1_0.nombre
Hibernate: 
    select
        c1_0.id,
        c1_0.activa,
        c1_0.creado_en,
        c1_0.descripcion,
        c1_0.icono,
        c1_0.nombre,
        c1_0.orden_visual,
        c1_0.slug,
        c1_0.tienda_id,
        c1_0.url_imagen 
    from
        categorias c1_0 
    where
        c1_0.id=? 
        and (
            c1_0.activa = 1
        )
Hibernate: 
    select
        c1_0.id,
        c1_0.activa,
        c1_0.creado_en,
        c1_0.descripcion,
        c1_0.icono,
        c1_0.nombre,
        c1_0.orden_visual,
        c1_0.slug,
        c1_0.tienda_id,
        c1_0.url_imagen 
    from
        categorias c1_0 
    where
        c1_0.id=? 
        and (
            c1_0.activa = 1
        )
Hibernate: 
    select
        c1_0.id,
        c1_0.activa,
        c1_0.creado_en,
        c1_0.descripcion,
        c1_0.icono,
        c1_0.nombre,
        c1_0.orden_visual,
        c1_0.slug,
        c1_0.tienda_id,
        c1_0.url_imagen 
    from
        categorias c1_0 
    where
        c1_0.id=? 
        and (
            c1_0.activa = 1
        )
Hibernate: 
    select
        c1_0.id,
        c1_0.activa,
        c1_0.creado_en,
        c1_0.descripcion,
        c1_0.icono,
        c1_0.nombre,
        c1_0.orden_visual,
        c1_0.slug,
        c1_0.tienda_id,
        c1_0.url_imagen 
    from
        categorias c1_0 
    where
        c1_0.id=? 
        and (
            c1_0.activa = 1
        )
Hibernate: 
    select
        p1_0.id,
        p1_0.actualizado_en,
        p1_0.cliente_id,
        p1_0.codigo_pedido,
        p1_0.costo_delivery_centimos,
        p1_0.creado_en,
        p1_0.descuento_total_centimos,
        p1_0.direccion_entrega,
        p1_0.estado_pago,
        p1_0.estado_pedido,
        p1_0.fecha_entrega_pactada,
        p1_0.impuestos_totales_centimos,
        p1_0.moneda,
        p1_0.monto_pagado_centimos,
        p1_0.notas_pedido,
        p1_0.numero_comprobante,
        p1_0.origen,
        p1_0.requiere_comprobante,
        p1_0.saldo_pendiente_centimos,
        p1_0.sede_origen_id,
        p1_0.serie_comprobante,
        p1_0.sesion_caja_id,
        p1_0.subtotal_items_centimos,
        p1_0.tienda_id,
        p1_0.tipo_comprobante,
        p1_0.tipo_entrega,
        p1_0.total_final_centimos,
        p1_0.vendedor_id 
    from
        pedidos p1_0 
    where
        p1_0.tienda_id=? 
        and (
            ? is null 
            or p1_0.sede_origen_id=?
        ) 
        and (
            ? is null 
            or p1_0.estado_pedido=?
        ) 
        and (
            ? is null 
            or p1_0.estado_pago=?
        ) 
        and (
            ? is null 
            or p1_0.tipo_entrega=?
        ) 
        and (
            ? is null 
            or p1_0.creado_en>=?
        ) 
        and (
            ? is null 
            or p1_0.creado_en<=?
        ) 
    order by
        p1_0.creado_en desc
Hibernate: 
    select
        ut1_0.id,
        ut1_0.activo,
        ut1_0.actualizado_en,
        ut1_0.correo,
        ut1_0.creado_en,
        ut1_0.eliminado_en,
        ut1_0.hash_contrasena,
        ut1_0.nombres_doc,
        ut1_0.numero_doc,
        ut1_0.rol_id,
        ut1_0.telefono,
        ut1_0.tienda_id,
        ut1_0.tipo_doc,
        ut1_0.ultimo_acceso_en 
    from
        usuarios_tienda ut1_0 
    where
        (
            ut1_0.activo = 1
        ) 
        and ut1_0.correo=?
Hibernate: 
    select
        ut1_0.id,
        ut1_0.activo,
        ut1_0.actualizado_en,
        ut1_0.correo,
        ut1_0.creado_en,
        ut1_0.eliminado_en,
        ut1_0.hash_contrasena,
        ut1_0.nombres_doc,
        ut1_0.numero_doc,
        ut1_0.rol_id,
        ut1_0.telefono,
        ut1_0.tienda_id,
        ut1_0.tipo_doc,
        ut1_0.ultimo_acceso_en 
    from
        usuarios_tienda ut1_0 
    where
        (
            ut1_0.activo = 1
        ) 
        and ut1_0.correo=?
Hibernate: 
    select
        ut1_0.id,
        ut1_0.activo,
        ut1_0.actualizado_en,
        ut1_0.correo,
        ut1_0.creado_en,
        ut1_0.eliminado_en,
        ut1_0.hash_contrasena,
        ut1_0.nombres_doc,
        ut1_0.numero_doc,
        ut1_0.rol_id,
        ut1_0.telefono,
        ut1_0.tienda_id,
        ut1_0.tipo_doc,
        ut1_0.ultimo_acceso_en 
    from
        usuarios_tienda ut1_0 
    where
        (
            ut1_0.activo = 1
        ) 
        and ut1_0.correo=?
Hibernate: 
    select
        ut1_0.id,
        ut1_0.activo,
        ut1_0.actualizado_en,
        ut1_0.correo,
        ut1_0.creado_en,
        ut1_0.eliminado_en,
        ut1_0.hash_contrasena,
        ut1_0.nombres_doc,
        ut1_0.numero_doc,
        ut1_0.rol_id,
        ut1_0.telefono,
        ut1_0.tienda_id,
        ut1_0.tipo_doc,
        ut1_0.ultimo_acceso_en 
    from
        usuarios_tienda ut1_0 
    where
        (
            ut1_0.activo = 1
        ) 
        and ut1_0.correo=?
Hibernate: 
    select
        us1_0.sede_id,
        us1_0.usuario_id,
        us1_0.es_sede_principal 
    from
        usuario_sedes us1_0 
    where
        (
            us1_0.sede_id, us1_0.usuario_id
        ) in ((?, ?))
Hibernate: 
    select
        us1_0.sede_id,
        us1_0.usuario_id,
        us1_0.es_sede_principal 
    from
        usuario_sedes us1_0 
    where
        (
            us1_0.sede_id, us1_0.usuario_id
        ) in ((?, ?))
Hibernate: 
    select
        s1_0.id,
        s1_0.activo,
        s1_0.actualizado_en,
        s1_0.codigo_interno,
        s1_0.creado_en,
        s1_0.direccion,
        s1_0.distrito_id,
        s1_0.eliminado_en,
        s1_0.es_principal,
        s1_0.nombre,
        s1_0.telefono,
        s1_0.tienda_id 
    from
        sedes s1_0 
    where
        s1_0.id=? 
        and (
            s1_0.eliminado_en IS NULL
        )
Hibernate: 
    select
        s1_0.id,
        s1_0.activo,
        s1_0.actualizado_en,
        s1_0.codigo_interno,
        s1_0.creado_en,
        s1_0.direccion,
        s1_0.distrito_id,
        s1_0.eliminado_en,
        s1_0.es_principal,
        s1_0.nombre,
        s1_0.telefono,
        s1_0.tienda_id 
    from
        sedes s1_0 
    where
        s1_0.id=? 
        and (
            s1_0.eliminado_en IS NULL
        )
Hibernate: 
    select
        ut1_0.id,
        ut1_0.activo,
        ut1_0.actualizado_en,
        ut1_0.correo,
        ut1_0.creado_en,
        ut1_0.eliminado_en,
        ut1_0.hash_contrasena,
        ut1_0.nombres_doc,
        ut1_0.numero_doc,
        ut1_0.rol_id,
        ut1_0.telefono,
        ut1_0.tienda_id,
        ut1_0.tipo_doc,
        ut1_0.ultimo_acceso_en 
    from
        usuarios_tienda ut1_0 
    where
        (
            ut1_0.activo = 1
        ) 
        and ut1_0.tienda_id=? 
        and ut1_0.correo=?
Hibernate: 
    select
        c1_0.id,
        c1_0.activa,
        c1_0.creado_en,
        c1_0.nombre,
        c1_0.sede_id,
        c1_0.tienda_id 
    from
        cajas c1_0 
    where
        (
            c1_0.activa = 1
        ) 
        and c1_0.tienda_id=? 
    order by
        c1_0.nombre
Hibernate: 
    select
        us1_0.sede_id,
        us1_0.usuario_id,
        us1_0.es_sede_principal 
    from
        usuario_sedes us1_0 
    where
        us1_0.usuario_id=?
Hibernate: 
    select
        s1_0.id,
        s1_0.activo,
        s1_0.actualizado_en,
        s1_0.codigo_interno,
        s1_0.creado_en,
        s1_0.direccion,
        s1_0.distrito_id,
        s1_0.eliminado_en,
        s1_0.es_principal,
        s1_0.nombre,
        s1_0.telefono,
        s1_0.tienda_id 
    from
        sedes s1_0 
    where
        (
            s1_0.eliminado_en IS NULL
        ) 
        and s1_0.id in (?) 
        and s1_0.activo
Hibernate: 
    select
        ut1_0.id,
        ut1_0.activo,
        ut1_0.actualizado_en,
        ut1_0.correo,
        ut1_0.creado_en,
        ut1_0.eliminado_en,
        ut1_0.hash_contrasena,
        ut1_0.nombres_doc,
        ut1_0.numero_doc,
        ut1_0.rol_id,
        ut1_0.telefono,
        ut1_0.tienda_id,
        ut1_0.tipo_doc,
        ut1_0.ultimo_acceso_en 
    from
        usuarios_tienda ut1_0 
    where
        (
            ut1_0.activo = 1
        ) 
        and ut1_0.correo=?
Hibernate: 
    select
        ut1_0.id,
        ut1_0.activo,
        ut1_0.actualizado_en,
        ut1_0.correo,
        ut1_0.creado_en,
        ut1_0.eliminado_en,
        ut1_0.hash_contrasena,
        ut1_0.nombres_doc,
        ut1_0.numero_doc,
        ut1_0.rol_id,
        ut1_0.telefono,
        ut1_0.tienda_id,
        ut1_0.tipo_doc,
        ut1_0.ultimo_acceso_en 
    from
        usuarios_tienda ut1_0 
    where
        (
            ut1_0.activo = 1
        ) 
        and ut1_0.correo=?
Hibernate: 
    select
        us1_0.sede_id,
        us1_0.usuario_id,
        us1_0.es_sede_principal 
    from
        usuario_sedes us1_0 
    where
        (
            us1_0.sede_id, us1_0.usuario_id
        ) in ((?, ?))
Hibernate: 
    select
        s1_0.id,
        s1_0.activo,
        s1_0.actualizado_en,
        s1_0.codigo_interno,
        s1_0.creado_en,
        s1_0.direccion,
        s1_0.distrito_id,
        s1_0.eliminado_en,
        s1_0.es_principal,
        s1_0.nombre,
        s1_0.telefono,
        s1_0.tienda_id 
    from
        sedes s1_0 
    where
        s1_0.id=? 
        and (
            s1_0.eliminado_en IS NULL
        )
Hibernate: 
    select
        c1_0.id,
        c1_0.activo,
        c1_0.actualizado_en,
        c1_0.creado_en,
        c1_0.email,
        c1_0.es_usuario_virtual,
        c1_0.hash_contrasena,
        c1_0.nombre_doc,
        c1_0.notas,
        c1_0.numero_doc,
        c1_0.telefono,
        c1_0.tienda_id,
        c1_0.tipo_doc 
    from
        clientes c1_0 
    where
        (
            c1_0.activo = 1
        ) 
        and c1_0.tienda_id=?
Hibernate: 
    select
        ut1_0.id,
        ut1_0.activo,
        ut1_0.actualizado_en,
        ut1_0.correo,
        ut1_0.creado_en,
        ut1_0.eliminado_en,
        ut1_0.hash_contrasena,
        ut1_0.nombres_doc,
        ut1_0.numero_doc,
        ut1_0.rol_id,
        ut1_0.telefono,
        ut1_0.tienda_id,
        ut1_0.tipo_doc,
        ut1_0.ultimo_acceso_en 
    from
        usuarios_tienda ut1_0 
    where
        (
            ut1_0.activo = 1
        ) 
        and ut1_0.correo=?
Hibernate: 
    select
        ut1_0.id,
        ut1_0.activo,
        ut1_0.actualizado_en,
        ut1_0.correo,
        ut1_0.creado_en,
        ut1_0.eliminado_en,
        ut1_0.hash_contrasena,
        ut1_0.nombres_doc,
        ut1_0.numero_doc,
        ut1_0.rol_id,
        ut1_0.telefono,
        ut1_0.tienda_id,
        ut1_0.tipo_doc,
        ut1_0.ultimo_acceso_en 
    from
        usuarios_tienda ut1_0 
    where
        (
            ut1_0.activo = 1
        ) 
        and ut1_0.correo=?
Hibernate: 
    select
        us1_0.sede_id,
        us1_0.usuario_id,
        us1_0.es_sede_principal 
    from
        usuario_sedes us1_0 
    where
        (
            us1_0.sede_id, us1_0.usuario_id
        ) in ((?, ?))
Hibernate: 
    select
        s1_0.id,
        s1_0.activo,
        s1_0.actualizado_en,
        s1_0.codigo_interno,
        s1_0.creado_en,
        s1_0.direccion,
        s1_0.distrito_id,
        s1_0.eliminado_en,
        s1_0.es_principal,
        s1_0.nombre,
        s1_0.telefono,
        s1_0.tienda_id 
    from
        sedes s1_0 
    where
        s1_0.id=? 
        and (
            s1_0.eliminado_en IS NULL
        )
Hibernate: 
    select
        c1_0.id,
        c1_0.activo,
        c1_0.actualizado_en,
        c1_0.creado_en,
        c1_0.email,
        c1_0.es_usuario_virtual,
        c1_0.hash_contrasena,
        c1_0.nombre_doc,
        c1_0.notas,
        c1_0.numero_doc,
        c1_0.telefono,
        c1_0.tienda_id,
        c1_0.tipo_doc 
    from
        clientes c1_0 
    where
        (
            c1_0.activo = 1
        ) 
        and c1_0.tienda_id=?
Hibernate: 
    select
        ut1_0.id,
        ut1_0.activo,
        ut1_0.actualizado_en,
        ut1_0.correo,
        ut1_0.creado_en,
        ut1_0.eliminado_en,
        ut1_0.hash_contrasena,
        ut1_0.nombres_doc,
        ut1_0.numero_doc,
        ut1_0.rol_id,
        ut1_0.telefono,
        ut1_0.tienda_id,
        ut1_0.tipo_doc,
        ut1_0.ultimo_acceso_en 
    from
        usuarios_tienda ut1_0 
    where
        (
            ut1_0.activo = 1
        ) 
        and ut1_0.correo=?
Hibernate: 
    select
        ut1_0.id,
        ut1_0.activo,
        ut1_0.actualizado_en,
        ut1_0.correo,
        ut1_0.creado_en,
        ut1_0.eliminado_en,
        ut1_0.hash_contrasena,
        ut1_0.nombres_doc,
        ut1_0.numero_doc,
        ut1_0.rol_id,
        ut1_0.telefono,
        ut1_0.tienda_id,
        ut1_0.tipo_doc,
        ut1_0.ultimo_acceso_en 
    from
        usuarios_tienda ut1_0 
    where
        (
            ut1_0.activo = 1
        ) 
        and ut1_0.correo=?
Hibernate: 
    select
        us1_0.sede_id,
        us1_0.usuario_id,
        us1_0.es_sede_principal 
    from
        usuario_sedes us1_0 
    where
        (
            us1_0.sede_id, us1_0.usuario_id
        ) in ((?, ?))
Hibernate: 
    select
        s1_0.id,
        s1_0.activo,
        s1_0.actualizado_en,
        s1_0.codigo_interno,
        s1_0.creado_en,
        s1_0.direccion,
        s1_0.distrito_id,
        s1_0.eliminado_en,
        s1_0.es_principal,
        s1_0.nombre,
        s1_0.telefono,
        s1_0.tienda_id 
    from
        sedes s1_0 
    where
        s1_0.id=? 
        and (
            s1_0.eliminado_en IS NULL
        )
Hibernate: 
    select
        c1_0.id,
        c1_0.activo,
        c1_0.actualizado_en,
        c1_0.creado_en,
        c1_0.email,
        c1_0.es_usuario_virtual,
        c1_0.hash_contrasena,
        c1_0.nombre_doc,
        c1_0.notas,
        c1_0.numero_doc,
        c1_0.telefono,
        c1_0.tienda_id,
        c1_0.tipo_doc 
    from
        clientes c1_0 
    where
        (
            c1_0.activo = 1
        ) 
        and c1_0.tienda_id=?
Hibernate: 
    select
        ut1_0.id,
        ut1_0.activo,
        ut1_0.actualizado_en,
        ut1_0.correo,
        ut1_0.creado_en,
        ut1_0.eliminado_en,
        ut1_0.hash_contrasena,
        ut1_0.nombres_doc,
        ut1_0.numero_doc,
        ut1_0.rol_id,
        ut1_0.telefono,
        ut1_0.tienda_id,
        ut1_0.tipo_doc,
        ut1_0.ultimo_acceso_en 
    from
        usuarios_tienda ut1_0 
    where
        (
            ut1_0.activo = 1
        ) 
        and ut1_0.correo=?
Hibernate: 
    select
        ut1_0.id,
        ut1_0.activo,
        ut1_0.actualizado_en,
        ut1_0.correo,
        ut1_0.creado_en,
        ut1_0.eliminado_en,
        ut1_0.hash_contrasena,
        ut1_0.nombres_doc,
        ut1_0.numero_doc,
        ut1_0.rol_id,
        ut1_0.telefono,
        ut1_0.tienda_id,
        ut1_0.tipo_doc,
        ut1_0.ultimo_acceso_en 
    from
        usuarios_tienda ut1_0 
    where
        (
            ut1_0.activo = 1
        ) 
        and ut1_0.correo=?
Hibernate: 
    select
        us1_0.sede_id,
        us1_0.usuario_id,
        us1_0.es_sede_principal 
    from
        usuario_sedes us1_0 
    where
        (
            us1_0.sede_id, us1_0.usuario_id
        ) in ((?, ?))
Hibernate: 
    select
        s1_0.id,
        s1_0.activo,
        s1_0.actualizado_en,
        s1_0.codigo_interno,
        s1_0.creado_en,
        s1_0.direccion,
        s1_0.distrito_id,
        s1_0.eliminado_en,
        s1_0.es_principal,
        s1_0.nombre,
        s1_0.telefono,
        s1_0.tienda_id 
    from
        sedes s1_0 
    where
        s1_0.id=? 
        and (
            s1_0.eliminado_en IS NULL
        )
Hibernate: 
    select
        c1_0.id,
        c1_0.activo,
        c1_0.actualizado_en,
        c1_0.creado_en,
        c1_0.email,
        c1_0.es_usuario_virtual,
        c1_0.hash_contrasena,
        c1_0.nombre_doc,
        c1_0.notas,
        c1_0.numero_doc,
        c1_0.telefono,
        c1_0.tienda_id,
        c1_0.tipo_doc 
    from
        clientes c1_0 
    where
        (
            c1_0.activo = 1
        ) 
        and c1_0.tienda_id=?
Hibernate: 
    select
        ut1_0.id,
        ut1_0.activo,
        ut1_0.actualizado_en,
        ut1_0.correo,
        ut1_0.creado_en,
        ut1_0.eliminado_en,
        ut1_0.hash_contrasena,
        ut1_0.nombres_doc,
        ut1_0.numero_doc,
        ut1_0.rol_id,
        ut1_0.telefono,
        ut1_0.tienda_id,
        ut1_0.tipo_doc,
        ut1_0.ultimo_acceso_en 
    from
        usuarios_tienda ut1_0 
    where
        (
            ut1_0.activo = 1
        ) 
        and ut1_0.correo=?
Hibernate: 
    select
        ut1_0.id,
        ut1_0.activo,
        ut1_0.actualizado_en,
        ut1_0.correo,
        ut1_0.creado_en,
        ut1_0.eliminado_en,
        ut1_0.hash_contrasena,
        ut1_0.nombres_doc,
        ut1_0.numero_doc,
        ut1_0.rol_id,
        ut1_0.telefono,
        ut1_0.tienda_id,
        ut1_0.tipo_doc,
        ut1_0.ultimo_acceso_en 
    from
        usuarios_tienda ut1_0 
    where
        (
            ut1_0.activo = 1
        ) 
        and ut1_0.correo=?
Hibernate: 
    select
        ut1_0.id,
        ut1_0.activo,
        ut1_0.actualizado_en,
        ut1_0.correo,
        ut1_0.creado_en,
        ut1_0.eliminado_en,
        ut1_0.hash_contrasena,
        ut1_0.nombres_doc,
        ut1_0.numero_doc,
        ut1_0.rol_id,
        ut1_0.telefono,
        ut1_0.tienda_id,
        ut1_0.tipo_doc,
        ut1_0.ultimo_acceso_en 
    from
        usuarios_tienda ut1_0 
    where
        (
            ut1_0.activo = 1
        ) 
        and ut1_0.correo=?
Hibernate: 
    select
        us1_0.sede_id,
        us1_0.usuario_id,
        us1_0.es_sede_principal 
    from
        usuario_sedes us1_0 
    where
        (
            us1_0.sede_id, us1_0.usuario_id
        ) in ((?, ?))
Hibernate: 
    select
        ut1_0.id,
        ut1_0.activo,
        ut1_0.actualizado_en,
        ut1_0.correo,
        ut1_0.creado_en,
        ut1_0.eliminado_en,
        ut1_0.hash_contrasena,
        ut1_0.nombres_doc,
        ut1_0.numero_doc,
        ut1_0.rol_id,
        ut1_0.telefono,
        ut1_0.tienda_id,
        ut1_0.tipo_doc,
        ut1_0.ultimo_acceso_en 
    from
        usuarios_tienda ut1_0 
    where
        (
            ut1_0.activo = 1
        ) 
        and ut1_0.correo=?
Hibernate: 
    select
        us1_0.sede_id,
        us1_0.usuario_id,
        us1_0.es_sede_principal 
    from
        usuario_sedes us1_0 
    where
        (
            us1_0.sede_id, us1_0.usuario_id
        ) in ((?, ?))
Hibernate: 
    select
        s1_0.id,
        s1_0.activo,
        s1_0.actualizado_en,
        s1_0.codigo_interno,
        s1_0.creado_en,
        s1_0.direccion,
        s1_0.distrito_id,
        s1_0.eliminado_en,
        s1_0.es_principal,
        s1_0.nombre,
        s1_0.telefono,
        s1_0.tienda_id 
    from
        sedes s1_0 
    where
        s1_0.id=? 
        and (
            s1_0.eliminado_en IS NULL
        )
Hibernate: 
    select
        s1_0.id,
        s1_0.activo,
        s1_0.actualizado_en,
        s1_0.codigo_interno,
        s1_0.creado_en,
        s1_0.direccion,
        s1_0.distrito_id,
        s1_0.eliminado_en,
        s1_0.es_principal,
        s1_0.nombre,
        s1_0.telefono,
        s1_0.tienda_id 
    from
        sedes s1_0 
    where
        s1_0.id=? 
        and (
            s1_0.eliminado_en IS NULL
        )
Hibernate: 
    select
        ut1_0.id,
        ut1_0.activo,
        ut1_0.actualizado_en,
        ut1_0.correo,
        ut1_0.creado_en,
        ut1_0.eliminado_en,
        ut1_0.hash_contrasena,
        ut1_0.nombres_doc,
        ut1_0.numero_doc,
        ut1_0.rol_id,
        ut1_0.telefono,
        ut1_0.tienda_id,
        ut1_0.tipo_doc,
        ut1_0.ultimo_acceso_en 
    from
        usuarios_tienda ut1_0 
    where
        (
            ut1_0.activo = 1
        ) 
        and ut1_0.tienda_id=? 
        and ut1_0.correo=?
Hibernate: 
    select
        c1_0.id,
        c1_0.activo,
        c1_0.actualizado_en,
        c1_0.creado_en,
        c1_0.email,
        c1_0.es_usuario_virtual,
        c1_0.hash_contrasena,
        c1_0.nombre_doc,
        c1_0.notas,
        c1_0.numero_doc,
        c1_0.telefono,
        c1_0.tienda_id,
        c1_0.tipo_doc 
    from
        clientes c1_0 
    where
        (
            c1_0.activo = 1
        ) 
        and c1_0.tienda_id=?
Hibernate: 
    select
        us1_0.sede_id,
        us1_0.usuario_id,
        us1_0.es_sede_principal 
    from
        usuario_sedes us1_0 
    where
        us1_0.usuario_id=?
Hibernate: 
    select
        s1_0.id,
        s1_0.activo,
        s1_0.actualizado_en,
        s1_0.codigo_interno,
        s1_0.creado_en,
        s1_0.direccion,
        s1_0.distrito_id,
        s1_0.eliminado_en,
        s1_0.es_principal,
        s1_0.nombre,
        s1_0.telefono,
        s1_0.tienda_id 
    from
        sedes s1_0 
    where
        (
            s1_0.eliminado_en IS NULL
        ) 
        and s1_0.id in (?) 
        and s1_0.activo
Hibernate: 
    select
        ut1_0.id,
        ut1_0.activo,
        ut1_0.actualizado_en,
        ut1_0.correo,
        ut1_0.creado_en,
        ut1_0.eliminado_en,
        ut1_0.hash_contrasena,
        ut1_0.nombres_doc,
        ut1_0.numero_doc,
        ut1_0.rol_id,
        ut1_0.telefono,
        ut1_0.tienda_id,
        ut1_0.tipo_doc,
        ut1_0.ultimo_acceso_en 
    from
        usuarios_tienda ut1_0 
    where
        (
            ut1_0.activo = 1
        ) 
        and ut1_0.correo=?
Hibernate: 
    select
        ut1_0.id,
        ut1_0.activo,
        ut1_0.actualizado_en,
        ut1_0.correo,
        ut1_0.creado_en,
        ut1_0.eliminado_en,
        ut1_0.hash_contrasena,
        ut1_0.nombres_doc,
        ut1_0.numero_doc,
        ut1_0.rol_id,
        ut1_0.telefono,
        ut1_0.tienda_id,
        ut1_0.tipo_doc,
        ut1_0.ultimo_acceso_en 
    from
        usuarios_tienda ut1_0 
    where
        (
            ut1_0.activo = 1
        ) 
        and ut1_0.correo=?
Hibernate: 
    select
        us1_0.sede_id,
        us1_0.usuario_id,
        us1_0.es_sede_principal 
    from
        usuario_sedes us1_0 
    where
        (
            us1_0.sede_id, us1_0.usuario_id
        ) in ((?, ?))
Hibernate: 
    select
        s1_0.id,
        s1_0.activo,
        s1_0.actualizado_en,
        s1_0.codigo_interno,
        s1_0.creado_en,
        s1_0.direccion,
        s1_0.distrito_id,
        s1_0.eliminado_en,
        s1_0.es_principal,
        s1_0.nombre,
        s1_0.telefono,
        s1_0.tienda_id 
    from
        sedes s1_0 
    where
        s1_0.id=? 
        and (
            s1_0.eliminado_en IS NULL
        )
Hibernate: 
    select
        c1_0.id,
        c1_0.activo,
        c1_0.actualizado_en,
        c1_0.creado_en,
        c1_0.email,
        c1_0.es_usuario_virtual,
        c1_0.hash_contrasena,
        c1_0.nombre_doc,
        c1_0.notas,
        c1_0.numero_doc,
        c1_0.telefono,
        c1_0.tienda_id,
        c1_0.tipo_doc 
    from
        clientes c1_0 
    where
        (
            c1_0.activo = 1
        ) 
        and c1_0.tienda_id=?
Hibernate: 
    select
        ut1_0.id,
        ut1_0.activo,
        ut1_0.actualizado_en,
        ut1_0.correo,
        ut1_0.creado_en,
        ut1_0.eliminado_en,
        ut1_0.hash_contrasena,
        ut1_0.nombres_doc,
        ut1_0.numero_doc,
        ut1_0.rol_id,
        ut1_0.telefono,
        ut1_0.tienda_id,
        ut1_0.tipo_doc,
        ut1_0.ultimo_acceso_en 
    from
        usuarios_tienda ut1_0 
    where
        (
            ut1_0.activo = 1
        ) 
        and ut1_0.correo=?
Hibernate: 
    select
        ut1_0.id,
        ut1_0.activo,
        ut1_0.actualizado_en,
        ut1_0.correo,
        ut1_0.creado_en,
        ut1_0.eliminado_en,
        ut1_0.hash_contrasena,
        ut1_0.nombres_doc,
        ut1_0.numero_doc,
        ut1_0.rol_id,
        ut1_0.telefono,
        ut1_0.tienda_id,
        ut1_0.tipo_doc,
        ut1_0.ultimo_acceso_en 
    from
        usuarios_tienda ut1_0 
    where
        (
            ut1_0.activo = 1
        ) 
        and ut1_0.correo=?
Hibernate: 
    select
        us1_0.sede_id,
        us1_0.usuario_id,
        us1_0.es_sede_principal 
    from
        usuario_sedes us1_0 
    where
        (
            us1_0.sede_id, us1_0.usuario_id
        ) in ((?, ?))
Hibernate: 
    select
        s1_0.id,
        s1_0.activo,
        s1_0.actualizado_en,
        s1_0.codigo_interno,
        s1_0.creado_en,
        s1_0.direccion,
        s1_0.distrito_id,
        s1_0.eliminado_en,
        s1_0.es_principal,
        s1_0.nombre,
        s1_0.telefono,
        s1_0.tienda_id 
    from
        sedes s1_0 
    where
        s1_0.id=? 
        and (
            s1_0.eliminado_en IS NULL
        )
Hibernate: 
    select
        c1_0.id,
        c1_0.activo,
        c1_0.actualizado_en,
        c1_0.creado_en,
        c1_0.email,
        c1_0.es_usuario_virtual,
        c1_0.hash_contrasena,
        c1_0.nombre_doc,
        c1_0.notas,
        c1_0.numero_doc,
        c1_0.telefono,
        c1_0.tienda_id,
        c1_0.tipo_doc 
    from
        clientes c1_0 
    where
        (
            c1_0.activo = 1
        ) 
        and c1_0.tienda_id=?
Hibernate: 
    select
        ut1_0.id,
        ut1_0.activo,
        ut1_0.actualizado_en,
        ut1_0.correo,
        ut1_0.creado_en,
        ut1_0.eliminado_en,
        ut1_0.hash_contrasena,
        ut1_0.nombres_doc,
        ut1_0.numero_doc,
        ut1_0.rol_id,
        ut1_0.telefono,
        ut1_0.tienda_id,
        ut1_0.tipo_doc,
        ut1_0.ultimo_acceso_en 
    from
        usuarios_tienda ut1_0 
    where
        (
            ut1_0.activo = 1
        ) 
        and ut1_0.correo=?
Hibernate: 
    select
        ut1_0.id,
        ut1_0.activo,
        ut1_0.actualizado_en,
        ut1_0.correo,
        ut1_0.creado_en,
        ut1_0.eliminado_en,
        ut1_0.hash_contrasena,
        ut1_0.nombres_doc,
        ut1_0.numero_doc,
        ut1_0.rol_id,
        ut1_0.telefono,
        ut1_0.tienda_id,
        ut1_0.tipo_doc,
        ut1_0.ultimo_acceso_en 
    from
        usuarios_tienda ut1_0 
    where
        (
            ut1_0.activo = 1
        ) 
        and ut1_0.correo=?
Hibernate: 
    select
        ut1_0.id,
        ut1_0.activo,
        ut1_0.actualizado_en,
        ut1_0.correo,
        ut1_0.creado_en,
        ut1_0.eliminado_en,
        ut1_0.hash_contrasena,
        ut1_0.nombres_doc,
        ut1_0.numero_doc,
        ut1_0.rol_id,
        ut1_0.telefono,
        ut1_0.tienda_id,
        ut1_0.tipo_doc,
        ut1_0.ultimo_acceso_en 
    from
        usuarios_tienda ut1_0 
    where
        (
            ut1_0.activo = 1
        ) 
        and ut1_0.correo=?
Hibernate: 
    select
        ut1_0.id,
        ut1_0.activo,
        ut1_0.actualizado_en,
        ut1_0.correo,
        ut1_0.creado_en,
        ut1_0.eliminado_en,
        ut1_0.hash_contrasena,
        ut1_0.nombres_doc,
        ut1_0.numero_doc,
        ut1_0.rol_id,
        ut1_0.telefono,
        ut1_0.tienda_id,
        ut1_0.tipo_doc,
        ut1_0.ultimo_acceso_en 
    from
        usuarios_tienda ut1_0 
    where
        (
            ut1_0.activo = 1
        ) 
        and ut1_0.correo=?
Hibernate: 
    select
        us1_0.sede_id,
        us1_0.usuario_id,
        us1_0.es_sede_principal 
    from
        usuario_sedes us1_0 
    where
        (
            us1_0.sede_id, us1_0.usuario_id
        ) in ((?, ?))
Hibernate: 
    select
        us1_0.sede_id,
        us1_0.usuario_id,
        us1_0.es_sede_principal 
    from
        usuario_sedes us1_0 
    where
        (
            us1_0.sede_id, us1_0.usuario_id
        ) in ((?, ?))
Hibernate: 
    select
        s1_0.id,
        s1_0.activo,
        s1_0.actualizado_en,
        s1_0.codigo_interno,
        s1_0.creado_en,
        s1_0.direccion,
        s1_0.distrito_id,
        s1_0.eliminado_en,
        s1_0.es_principal,
        s1_0.nombre,
        s1_0.telefono,
        s1_0.tienda_id 
    from
        sedes s1_0 
    where
        s1_0.id=? 
        and (
            s1_0.eliminado_en IS NULL
        )
Hibernate: 
    select
        s1_0.id,
        s1_0.activo,
        s1_0.actualizado_en,
        s1_0.codigo_interno,
        s1_0.creado_en,
        s1_0.direccion,
        s1_0.distrito_id,
        s1_0.eliminado_en,
        s1_0.es_principal,
        s1_0.nombre,
        s1_0.telefono,
        s1_0.tienda_id 
    from
        sedes s1_0 
    where
        s1_0.id=? 
        and (
            s1_0.eliminado_en IS NULL
        )
Hibernate: 
    select
        si1_0.id,
        si1_0.actualizado_en,
        si1_0.cantidad_ideal,
        si1_0.producto_id,
        si1_0.punto_reposicion,
        si1_0.sede_id,
        si1_0.tienda_id 
    from
        stock_ideal si1_0 
    where
        si1_0.tienda_id=? 
        and si1_0.sede_id=?
Hibernate: 
    select
        p1_0.id,
        p1_0.activo,
        p1_0.actualizado_en,
        p1_0.atributos,
        p1_0.categoria_id,
        p1_0.creado_en,
        p1_0.descripcion,
        p1_0.destacado_storefront,
        p1_0.es_personalizable,
        p1_0.imagenes_galeria,
        p1_0.nombre,
        p1_0.precio_base_centimos,
        p1_0.precio_oferta_centimos,
        p1_0.sku,
        p1_0.slug,
        p1_0.tienda_id,
        p1_0.tipo,
        p1_0.url_imagen_principal,
        p1_0.visible_en_pos,
        p1_0.visible_en_storefront 
    from
        productos p1_0 
    where
        (
            p1_0.activo = 1
        ) 
        and p1_0.tienda_id=? 
    order by
        p1_0.nombre
Hibernate: 
    select
        c1_0.id,
        c1_0.activa,
        c1_0.creado_en,
        c1_0.descripcion,
        c1_0.icono,
        c1_0.nombre,
        c1_0.orden_visual,
        c1_0.slug,
        c1_0.tienda_id,
        c1_0.url_imagen 
    from
        categorias c1_0 
    where
        c1_0.id=? 
        and (
            c1_0.activa = 1
        )
Hibernate: 
    select
        c1_0.id,
        c1_0.activa,
        c1_0.creado_en,
        c1_0.descripcion,
        c1_0.icono,
        c1_0.nombre,
        c1_0.orden_visual,
        c1_0.slug,
        c1_0.tienda_id,
        c1_0.url_imagen 
    from
        categorias c1_0 
    where
        c1_0.id=? 
        and (
            c1_0.activa = 1
        )
Hibernate: 
    select
        c1_0.id,
        c1_0.activa,
        c1_0.creado_en,
        c1_0.descripcion,
        c1_0.icono,
        c1_0.nombre,
        c1_0.orden_visual,
        c1_0.slug,
        c1_0.tienda_id,
        c1_0.url_imagen 
    from
        categorias c1_0 
    where
        c1_0.id=? 
        and (
            c1_0.activa = 1
        )
Hibernate: 
    select
        c1_0.id,
        c1_0.activa,
        c1_0.creado_en,
        c1_0.descripcion,
        c1_0.icono,
        c1_0.nombre,
        c1_0.orden_visual,
        c1_0.slug,
        c1_0.tienda_id,
        c1_0.url_imagen 
    from
        categorias c1_0 
    where
        c1_0.id=? 
        and (
            c1_0.activa = 1
        )
Hibernate: 
    select
        ut1_0.id,
        ut1_0.activo,
        ut1_0.actualizado_en,
        ut1_0.correo,
        ut1_0.creado_en,
        ut1_0.eliminado_en,
        ut1_0.hash_contrasena,
        ut1_0.nombres_doc,
        ut1_0.numero_doc,
        ut1_0.rol_id,
        ut1_0.telefono,
        ut1_0.tienda_id,
        ut1_0.tipo_doc,
        ut1_0.ultimo_acceso_en 
    from
        usuarios_tienda ut1_0 
    where
        (
            ut1_0.activo = 1
        ) 
        and ut1_0.correo=?
Hibernate: 
    select
        ut1_0.id,
        ut1_0.activo,
        ut1_0.actualizado_en,
        ut1_0.correo,
        ut1_0.creado_en,
        ut1_0.eliminado_en,
        ut1_0.hash_contrasena,
        ut1_0.nombres_doc,
        ut1_0.numero_doc,
        ut1_0.rol_id,
        ut1_0.telefono,
        ut1_0.tienda_id,
        ut1_0.tipo_doc,
        ut1_0.ultimo_acceso_en 
    from
        usuarios_tienda ut1_0 
    where
        (
            ut1_0.activo = 1
        ) 
        and ut1_0.correo=?
Hibernate: 
    select
        ut1_0.id,
        ut1_0.activo,
        ut1_0.actualizado_en,
        ut1_0.correo,
        ut1_0.creado_en,
        ut1_0.eliminado_en,
        ut1_0.hash_contrasena,
        ut1_0.nombres_doc,
        ut1_0.numero_doc,
        ut1_0.rol_id,
        ut1_0.telefono,
        ut1_0.tienda_id,
        ut1_0.tipo_doc,
        ut1_0.ultimo_acceso_en 
    from
        usuarios_tienda ut1_0 
    where
        (
            ut1_0.activo = 1
        ) 
        and ut1_0.correo=?
Hibernate: 
    select
        ut1_0.id,
        ut1_0.activo,
        ut1_0.actualizado_en,
        ut1_0.correo,
        ut1_0.creado_en,
        ut1_0.eliminado_en,
        ut1_0.hash_contrasena,
        ut1_0.nombres_doc,
        ut1_0.numero_doc,
        ut1_0.rol_id,
        ut1_0.telefono,
        ut1_0.tienda_id,
        ut1_0.tipo_doc,
        ut1_0.ultimo_acceso_en 
    from
        usuarios_tienda ut1_0 
    where
        (
            ut1_0.activo = 1
        ) 
        and ut1_0.correo=?
Hibernate: 
    select
        us1_0.sede_id,
        us1_0.usuario_id,
        us1_0.es_sede_principal 
    from
        usuario_sedes us1_0 
    where
        (
            us1_0.sede_id, us1_0.usuario_id
        ) in ((?, ?))
Hibernate: 
    select
        us1_0.sede_id,
        us1_0.usuario_id,
        us1_0.es_sede_principal 
    from
        usuario_sedes us1_0 
    where
        (
            us1_0.sede_id, us1_0.usuario_id
        ) in ((?, ?))
Hibernate: 
    select
        s1_0.id,
        s1_0.activo,
        s1_0.actualizado_en,
        s1_0.codigo_interno,
        s1_0.creado_en,
        s1_0.direccion,
        s1_0.distrito_id,
        s1_0.eliminado_en,
        s1_0.es_principal,
        s1_0.nombre,
        s1_0.telefono,
        s1_0.tienda_id 
    from
        sedes s1_0 
    where
        s1_0.id=? 
        and (
            s1_0.eliminado_en IS NULL
        )
Hibernate: 
    select
        s1_0.id,
        s1_0.activo,
        s1_0.actualizado_en,
        s1_0.codigo_interno,
        s1_0.creado_en,
        s1_0.direccion,
        s1_0.distrito_id,
        s1_0.eliminado_en,
        s1_0.es_principal,
        s1_0.nombre,
        s1_0.telefono,
        s1_0.tienda_id 
    from
        sedes s1_0 
    where
        s1_0.id=? 
        and (
            s1_0.eliminado_en IS NULL
        )
Hibernate: 
    select
        si1_0.id,
        si1_0.actualizado_en,
        si1_0.cantidad_ideal,
        si1_0.producto_id,
        si1_0.punto_reposicion,
        si1_0.sede_id,
        si1_0.tienda_id 
    from
        stock_ideal si1_0 
    where
        si1_0.tienda_id=? 
        and si1_0.sede_id=?
Hibernate: 
    select
        p1_0.id,
        p1_0.activo,
        p1_0.actualizado_en,
        p1_0.atributos,
        p1_0.categoria_id,
        p1_0.creado_en,
        p1_0.descripcion,
        p1_0.destacado_storefront,
        p1_0.es_personalizable,
        p1_0.imagenes_galeria,
        p1_0.nombre,
        p1_0.precio_base_centimos,
        p1_0.precio_oferta_centimos,
        p1_0.sku,
        p1_0.slug,
        p1_0.tienda_id,
        p1_0.tipo,
        p1_0.url_imagen_principal,
        p1_0.visible_en_pos,
        p1_0.visible_en_storefront 
    from
        productos p1_0 
    where
        (
            p1_0.activo = 1
        ) 
        and p1_0.tienda_id=? 
    order by
        p1_0.nombre
Hibernate: 
    select
        c1_0.id,
        c1_0.activa,
        c1_0.creado_en,
        c1_0.descripcion,
        c1_0.icono,
        c1_0.nombre,
        c1_0.orden_visual,
        c1_0.slug,
        c1_0.tienda_id,
        c1_0.url_imagen 
    from
        categorias c1_0 
    where
        c1_0.id=? 
        and (
            c1_0.activa = 1
        )
Hibernate: 
    select
        c1_0.id,
        c1_0.activa,
        c1_0.creado_en,
        c1_0.descripcion,
        c1_0.icono,
        c1_0.nombre,
        c1_0.orden_visual,
        c1_0.slug,
        c1_0.tienda_id,
        c1_0.url_imagen 
    from
        categorias c1_0 
    where
        c1_0.id=? 
        and (
            c1_0.activa = 1
        )
Hibernate: 
    select
        c1_0.id,
        c1_0.activa,
        c1_0.creado_en,
        c1_0.descripcion,
        c1_0.icono,
        c1_0.nombre,
        c1_0.orden_visual,
        c1_0.slug,
        c1_0.tienda_id,
        c1_0.url_imagen 
    from
        categorias c1_0 
    where
        c1_0.id=? 
        and (
            c1_0.activa = 1
        )
Hibernate: 
    select
        c1_0.id,
        c1_0.activa,
        c1_0.creado_en,
        c1_0.descripcion,
        c1_0.icono,
        c1_0.nombre,
        c1_0.orden_visual,
        c1_0.slug,
        c1_0.tienda_id,
        c1_0.url_imagen 
    from
        categorias c1_0 
    where
        c1_0.id=? 
        and (
            c1_0.activa = 1
        )
Hibernate: 
    select
        ut1_0.id,
        ut1_0.activo,
        ut1_0.actualizado_en,
        ut1_0.correo,
        ut1_0.creado_en,
        ut1_0.eliminado_en,
        ut1_0.hash_contrasena,
        ut1_0.nombres_doc,
        ut1_0.numero_doc,
        ut1_0.rol_id,
        ut1_0.telefono,
        ut1_0.tienda_id,
        ut1_0.tipo_doc,
        ut1_0.ultimo_acceso_en 
    from
        usuarios_tienda ut1_0 
    where
        (
            ut1_0.activo = 1
        ) 
        and ut1_0.correo=?
Hibernate: 
    select
        ut1_0.id,
        ut1_0.activo,
        ut1_0.actualizado_en,
        ut1_0.correo,
        ut1_0.creado_en,
        ut1_0.eliminado_en,
        ut1_0.hash_contrasena,
        ut1_0.nombres_doc,
        ut1_0.numero_doc,
        ut1_0.rol_id,
        ut1_0.telefono,
        ut1_0.tienda_id,
        ut1_0.tipo_doc,
        ut1_0.ultimo_acceso_en 
    from
        usuarios_tienda ut1_0 
    where
        (
            ut1_0.activo = 1
        ) 
        and ut1_0.correo=?
Hibernate: 
    select
        ut1_0.id,
        ut1_0.activo,
        ut1_0.actualizado_en,
        ut1_0.correo,
        ut1_0.creado_en,
        ut1_0.eliminado_en,
        ut1_0.hash_contrasena,
        ut1_0.nombres_doc,
        ut1_0.numero_doc,
        ut1_0.rol_id,
        ut1_0.telefono,
        ut1_0.tienda_id,
        ut1_0.tipo_doc,
        ut1_0.ultimo_acceso_en 
    from
        usuarios_tienda ut1_0 
    where
        (
            ut1_0.activo = 1
        ) 
        and ut1_0.correo=?
Hibernate: 
    select
        us1_0.sede_id,
        us1_0.usuario_id,
        us1_0.es_sede_principal 
    from
        usuario_sedes us1_0 
    where
        (
            us1_0.sede_id, us1_0.usuario_id
        ) in ((?, ?))
Hibernate: 
    select
        ut1_0.id,
        ut1_0.activo,
        ut1_0.actualizado_en,
        ut1_0.correo,
        ut1_0.creado_en,
        ut1_0.eliminado_en,
        ut1_0.hash_contrasena,
        ut1_0.nombres_doc,
        ut1_0.numero_doc,
        ut1_0.rol_id,
        ut1_0.telefono,
        ut1_0.tienda_id,
        ut1_0.tipo_doc,
        ut1_0.ultimo_acceso_en 
    from
        usuarios_tienda ut1_0 
    where
        (
            ut1_0.activo = 1
        ) 
        and ut1_0.correo=?
Hibernate: 
    select
        us1_0.sede_id,
        us1_0.usuario_id,
        us1_0.es_sede_principal 
    from
        usuario_sedes us1_0 
    where
        (
            us1_0.sede_id, us1_0.usuario_id
        ) in ((?, ?))
Hibernate: 
    select
        s1_0.id,
        s1_0.activo,
        s1_0.actualizado_en,
        s1_0.codigo_interno,
        s1_0.creado_en,
        s1_0.direccion,
        s1_0.distrito_id,
        s1_0.eliminado_en,
        s1_0.es_principal,
        s1_0.nombre,
        s1_0.telefono,
        s1_0.tienda_id 
    from
        sedes s1_0 
    where
        s1_0.id=? 
        and (
            s1_0.eliminado_en IS NULL
        )
Hibernate: 
    select
        s1_0.id,
        s1_0.activo,
        s1_0.actualizado_en,
        s1_0.codigo_interno,
        s1_0.creado_en,
        s1_0.direccion,
        s1_0.distrito_id,
        s1_0.eliminado_en,
        s1_0.es_principal,
        s1_0.nombre,
        s1_0.telefono,
        s1_0.tienda_id 
    from
        sedes s1_0 
    where
        s1_0.id=? 
        and (
            s1_0.eliminado_en IS NULL
        )
Hibernate: 
    select
        p1_0.id,
        p1_0.activo,
        p1_0.actualizado_en,
        p1_0.atributos,
        p1_0.categoria_id,
        p1_0.creado_en,
        p1_0.descripcion,
        p1_0.destacado_storefront,
        p1_0.es_personalizable,
        p1_0.imagenes_galeria,
        p1_0.nombre,
        p1_0.precio_base_centimos,
        p1_0.precio_oferta_centimos,
        p1_0.sku,
        p1_0.slug,
        p1_0.tienda_id,
        p1_0.tipo,
        p1_0.url_imagen_principal,
        p1_0.visible_en_pos,
        p1_0.visible_en_storefront 
    from
        productos p1_0 
    where
        (
            p1_0.activo = 1
        ) 
        and p1_0.tienda_id=? 
    order by
        p1_0.nombre
Hibernate: 
    select
        si1_0.id,
        si1_0.actualizado_en,
        si1_0.cantidad_ideal,
        si1_0.producto_id,
        si1_0.punto_reposicion,
        si1_0.sede_id,
        si1_0.tienda_id 
    from
        stock_ideal si1_0 
    where
        si1_0.tienda_id=? 
        and si1_0.sede_id=?
Hibernate: 
    select
        c1_0.id,
        c1_0.activa,
        c1_0.creado_en,
        c1_0.descripcion,
        c1_0.icono,
        c1_0.nombre,
        c1_0.orden_visual,
        c1_0.slug,
        c1_0.tienda_id,
        c1_0.url_imagen 
    from
        categorias c1_0 
    where
        c1_0.id=? 
        and (
            c1_0.activa = 1
        )
Hibernate: 
    select
        c1_0.id,
        c1_0.activa,
        c1_0.creado_en,
        c1_0.descripcion,
        c1_0.icono,
        c1_0.nombre,
        c1_0.orden_visual,
        c1_0.slug,
        c1_0.tienda_id,
        c1_0.url_imagen 
    from
        categorias c1_0 
    where
        c1_0.id=? 
        and (
            c1_0.activa = 1
        )
Hibernate: 
    select
        c1_0.id,
        c1_0.activa,
        c1_0.creado_en,
        c1_0.descripcion,
        c1_0.icono,
        c1_0.nombre,
        c1_0.orden_visual,
        c1_0.slug,
        c1_0.tienda_id,
        c1_0.url_imagen 
    from
        categorias c1_0 
    where
        c1_0.id=? 
        and (
            c1_0.activa = 1
        )
Hibernate: 
    select
        c1_0.id,
        c1_0.activa,
        c1_0.creado_en,
        c1_0.descripcion,
        c1_0.icono,
        c1_0.nombre,
        c1_0.orden_visual,
        c1_0.slug,
        c1_0.tienda_id,
        c1_0.url_imagen 
    from
        categorias c1_0 
    where
        c1_0.id=? 
        and (
            c1_0.activa = 1
        )
Hibernate: 
    select
        ut1_0.id,
        ut1_0.activo,
        ut1_0.actualizado_en,
        ut1_0.correo,
        ut1_0.creado_en,
        ut1_0.eliminado_en,
        ut1_0.hash_contrasena,
        ut1_0.nombres_doc,
        ut1_0.numero_doc,
        ut1_0.rol_id,
        ut1_0.telefono,
        ut1_0.tienda_id,
        ut1_0.tipo_doc,
        ut1_0.ultimo_acceso_en 
    from
        usuarios_tienda ut1_0 
    where
        (
            ut1_0.activo = 1
        ) 
        and ut1_0.correo=?
Hibernate: 
    select
        ut1_0.id,
        ut1_0.activo,
        ut1_0.actualizado_en,
        ut1_0.correo,
        ut1_0.creado_en,
        ut1_0.eliminado_en,
        ut1_0.hash_contrasena,
        ut1_0.nombres_doc,
        ut1_0.numero_doc,
        ut1_0.rol_id,
        ut1_0.telefono,
        ut1_0.tienda_id,
        ut1_0.tipo_doc,
        ut1_0.ultimo_acceso_en 
    from
        usuarios_tienda ut1_0 
    where
        (
            ut1_0.activo = 1
        ) 
        and ut1_0.correo=?
Hibernate: 
    select
        ut1_0.id,
        ut1_0.activo,
        ut1_0.actualizado_en,
        ut1_0.correo,
        ut1_0.creado_en,
        ut1_0.eliminado_en,
        ut1_0.hash_contrasena,
        ut1_0.nombres_doc,
        ut1_0.numero_doc,
        ut1_0.rol_id,
        ut1_0.telefono,
        ut1_0.tienda_id,
        ut1_0.tipo_doc,
        ut1_0.ultimo_acceso_en 
    from
        usuarios_tienda ut1_0 
    where
        (
            ut1_0.activo = 1
        ) 
        and ut1_0.correo=?
Hibernate: 
    select
        us1_0.sede_id,
        us1_0.usuario_id,
        us1_0.es_sede_principal 
    from
        usuario_sedes us1_0 
    where
        (
            us1_0.sede_id, us1_0.usuario_id
        ) in ((?, ?))
Hibernate: 
    select
        ut1_0.id,
        ut1_0.activo,
        ut1_0.actualizado_en,
        ut1_0.correo,
        ut1_0.creado_en,
        ut1_0.eliminado_en,
        ut1_0.hash_contrasena,
        ut1_0.nombres_doc,
        ut1_0.numero_doc,
        ut1_0.rol_id,
        ut1_0.telefono,
        ut1_0.tienda_id,
        ut1_0.tipo_doc,
        ut1_0.ultimo_acceso_en 
    from
        usuarios_tienda ut1_0 
    where
        (
            ut1_0.activo = 1
        ) 
        and ut1_0.correo=?
Hibernate: 
    select
        s1_0.id,
        s1_0.activo,
        s1_0.actualizado_en,
        s1_0.codigo_interno,
        s1_0.creado_en,
        s1_0.direccion,
        s1_0.distrito_id,
        s1_0.eliminado_en,
        s1_0.es_principal,
        s1_0.nombre,
        s1_0.telefono,
        s1_0.tienda_id 
    from
        sedes s1_0 
    where
        s1_0.id=? 
        and (
            s1_0.eliminado_en IS NULL
        )
Hibernate: 
    select
        us1_0.sede_id,
        us1_0.usuario_id,
        us1_0.es_sede_principal 
    from
        usuario_sedes us1_0 
    where
        (
            us1_0.sede_id, us1_0.usuario_id
        ) in ((?, ?))
Hibernate: 
    select
        s1_0.id,
        s1_0.activo,
        s1_0.actualizado_en,
        s1_0.codigo_interno,
        s1_0.creado_en,
        s1_0.direccion,
        s1_0.distrito_id,
        s1_0.eliminado_en,
        s1_0.es_principal,
        s1_0.nombre,
        s1_0.telefono,
        s1_0.tienda_id 
    from
        sedes s1_0 
    where
        s1_0.id=? 
        and (
            s1_0.eliminado_en IS NULL
        )
Hibernate: 
    select
        p1_0.id,
        p1_0.activo,
        p1_0.actualizado_en,
        p1_0.atributos,
        p1_0.categoria_id,
        p1_0.creado_en,
        p1_0.descripcion,
        p1_0.destacado_storefront,
        p1_0.es_personalizable,
        p1_0.imagenes_galeria,
        p1_0.nombre,
        p1_0.precio_base_centimos,
        p1_0.precio_oferta_centimos,
        p1_0.sku,
        p1_0.slug,
        p1_0.tienda_id,
        p1_0.tipo,
        p1_0.url_imagen_principal,
        p1_0.visible_en_pos,
        p1_0.visible_en_storefront 
    from
        productos p1_0 
    where
        (
            p1_0.activo = 1
        ) 
        and p1_0.tienda_id=? 
    order by
        p1_0.nombre
Hibernate: 
    select
        si1_0.id,
        si1_0.actualizado_en,
        si1_0.cantidad_ideal,
        si1_0.producto_id,
        si1_0.punto_reposicion,
        si1_0.sede_id,
        si1_0.tienda_id 
    from
        stock_ideal si1_0 
    where
        si1_0.tienda_id=? 
        and si1_0.sede_id=?
Hibernate: 
    select
        c1_0.id,
        c1_0.activa,
        c1_0.creado_en,
        c1_0.descripcion,
        c1_0.icono,
        c1_0.nombre,
        c1_0.orden_visual,
        c1_0.slug,
        c1_0.tienda_id,
        c1_0.url_imagen 
    from
        categorias c1_0 
    where
        c1_0.id=? 
        and (
            c1_0.activa = 1
        )
Hibernate: 
    select
        c1_0.id,
        c1_0.activa,
        c1_0.creado_en,
        c1_0.descripcion,
        c1_0.icono,
        c1_0.nombre,
        c1_0.orden_visual,
        c1_0.slug,
        c1_0.tienda_id,
        c1_0.url_imagen 
    from
        categorias c1_0 
    where
        c1_0.id=? 
        and (
            c1_0.activa = 1
        )
Hibernate: 
    select
        c1_0.id,
        c1_0.activa,
        c1_0.creado_en,
        c1_0.descripcion,
        c1_0.icono,
        c1_0.nombre,
        c1_0.orden_visual,
        c1_0.slug,
        c1_0.tienda_id,
        c1_0.url_imagen 
    from
        categorias c1_0 
    where
        c1_0.id=? 
        and (
            c1_0.activa = 1
        )
Hibernate: 
    select
        c1_0.id,
        c1_0.activa,
        c1_0.creado_en,
        c1_0.descripcion,
        c1_0.icono,
        c1_0.nombre,
        c1_0.orden_visual,
        c1_0.slug,
        c1_0.tienda_id,
        c1_0.url_imagen 
    from
        categorias c1_0 
    where
        c1_0.id=? 
        and (
            c1_0.activa = 1
        )
Hibernate: 
    select
        ut1_0.id,
        ut1_0.activo,
        ut1_0.actualizado_en,
        ut1_0.correo,
        ut1_0.creado_en,
        ut1_0.eliminado_en,
        ut1_0.hash_contrasena,
        ut1_0.nombres_doc,
        ut1_0.numero_doc,
        ut1_0.rol_id,
        ut1_0.telefono,
        ut1_0.tienda_id,
        ut1_0.tipo_doc,
        ut1_0.ultimo_acceso_en 
    from
        usuarios_tienda ut1_0 
    where
        (
            ut1_0.activo = 1
        ) 
        and ut1_0.correo=?
Hibernate: 
    select
        ut1_0.id,
        ut1_0.activo,
        ut1_0.actualizado_en,
        ut1_0.correo,
        ut1_0.creado_en,
        ut1_0.eliminado_en,
        ut1_0.hash_contrasena,
        ut1_0.nombres_doc,
        ut1_0.numero_doc,
        ut1_0.rol_id,
        ut1_0.telefono,
        ut1_0.tienda_id,
        ut1_0.tipo_doc,
        ut1_0.ultimo_acceso_en 
    from
        usuarios_tienda ut1_0 
    where
        (
            ut1_0.activo = 1
        ) 
        and ut1_0.correo=?
Hibernate: 
    select
        us1_0.sede_id,
        us1_0.usuario_id,
        us1_0.es_sede_principal 
    from
        usuario_sedes us1_0 
    where
        (
            us1_0.sede_id, us1_0.usuario_id
        ) in ((?, ?))
Hibernate: 
    select
        s1_0.id,
        s1_0.activo,
        s1_0.actualizado_en,
        s1_0.codigo_interno,
        s1_0.creado_en,
        s1_0.direccion,
        s1_0.distrito_id,
        s1_0.eliminado_en,
        s1_0.es_principal,
        s1_0.nombre,
        s1_0.telefono,
        s1_0.tienda_id 
    from
        sedes s1_0 
    where
        s1_0.id=? 
        and (
            s1_0.eliminado_en IS NULL
        )
Hibernate: 
    select
        ut1_0.id,
        ut1_0.activo,
        ut1_0.actualizado_en,
        ut1_0.correo,
        ut1_0.creado_en,
        ut1_0.eliminado_en,
        ut1_0.hash_contrasena,
        ut1_0.nombres_doc,
        ut1_0.numero_doc,
        ut1_0.rol_id,
        ut1_0.telefono,
        ut1_0.tienda_id,
        ut1_0.tipo_doc,
        ut1_0.ultimo_acceso_en 
    from
        usuarios_tienda ut1_0 
    where
        (
            ut1_0.activo = 1
        ) 
        and ut1_0.tienda_id=? 
        and ut1_0.correo=?
Hibernate: 
    select
        us1_0.sede_id,
        us1_0.usuario_id,
        us1_0.es_sede_principal 
    from
        usuario_sedes us1_0 
    where
        us1_0.usuario_id=?
Hibernate: 
    select
        s1_0.id,
        s1_0.activo,
        s1_0.actualizado_en,
        s1_0.codigo_interno,
        s1_0.creado_en,
        s1_0.direccion,
        s1_0.distrito_id,
        s1_0.eliminado_en,
        s1_0.es_principal,
        s1_0.nombre,
        s1_0.telefono,
        s1_0.tienda_id 
    from
        sedes s1_0 
    where
        (
            s1_0.eliminado_en IS NULL
        ) 
        and s1_0.id in (?) 
        and s1_0.activo
Hibernate: 
    select
        ut1_0.id,
        ut1_0.activo,
        ut1_0.actualizado_en,
        ut1_0.correo,
        ut1_0.creado_en,
        ut1_0.eliminado_en,
        ut1_0.hash_contrasena,
        ut1_0.nombres_doc,
        ut1_0.numero_doc,
        ut1_0.rol_id,
        ut1_0.telefono,
        ut1_0.tienda_id,
        ut1_0.tipo_doc,
        ut1_0.ultimo_acceso_en 
    from
        usuarios_tienda ut1_0 
    where
        (
            ut1_0.activo = 1
        ) 
        and ut1_0.correo=?
Hibernate: 
    select
        ut1_0.id,
        ut1_0.activo,
        ut1_0.actualizado_en,
        ut1_0.correo,
        ut1_0.creado_en,
        ut1_0.eliminado_en,
        ut1_0.hash_contrasena,
        ut1_0.nombres_doc,
        ut1_0.numero_doc,
        ut1_0.rol_id,
        ut1_0.telefono,
        ut1_0.tienda_id,
        ut1_0.tipo_doc,
        ut1_0.ultimo_acceso_en 
    from
        usuarios_tienda ut1_0 
    where
        (
            ut1_0.activo = 1
        ) 
        and ut1_0.correo=?
Hibernate: 
    select
        us1_0.sede_id,
        us1_0.usuario_id,
        us1_0.es_sede_principal 
    from
        usuario_sedes us1_0 
    where
        (
            us1_0.sede_id, us1_0.usuario_id
        ) in ((?, ?))
Hibernate: 
    select
        ut1_0.id,
        ut1_0.activo,
        ut1_0.actualizado_en,
        ut1_0.correo,
        ut1_0.creado_en,
        ut1_0.eliminado_en,
        ut1_0.hash_contrasena,
        ut1_0.nombres_doc,
        ut1_0.numero_doc,
        ut1_0.rol_id,
        ut1_0.telefono,
        ut1_0.tienda_id,
        ut1_0.tipo_doc,
        ut1_0.ultimo_acceso_en 
    from
        usuarios_tienda ut1_0 
    where
        (
            ut1_0.activo = 1
        ) 
        and ut1_0.correo=?
Hibernate: 
    select
        s1_0.id,
        s1_0.activo,
        s1_0.actualizado_en,
        s1_0.codigo_interno,
        s1_0.creado_en,
        s1_0.direccion,
        s1_0.distrito_id,
        s1_0.eliminado_en,
        s1_0.es_principal,
        s1_0.nombre,
        s1_0.telefono,
        s1_0.tienda_id 
    from
        sedes s1_0 
    where
        s1_0.id=? 
        and (
            s1_0.eliminado_en IS NULL
        )
Hibernate: 
    select
        ut1_0.id,
        ut1_0.activo,
        ut1_0.actualizado_en,
        ut1_0.correo,
        ut1_0.creado_en,
        ut1_0.eliminado_en,
        ut1_0.hash_contrasena,
        ut1_0.nombres_doc,
        ut1_0.numero_doc,
        ut1_0.rol_id,
        ut1_0.telefono,
        ut1_0.tienda_id,
        ut1_0.tipo_doc,
        ut1_0.ultimo_acceso_en 
    from
        usuarios_tienda ut1_0 
    where
        (
            ut1_0.activo = 1
        ) 
        and ut1_0.tienda_id=? 
        and ut1_0.correo=?
Hibernate: 
    select
        ut1_0.id,
        ut1_0.activo,
        ut1_0.actualizado_en,
        ut1_0.correo,
        ut1_0.creado_en,
        ut1_0.eliminado_en,
        ut1_0.hash_contrasena,
        ut1_0.nombres_doc,
        ut1_0.numero_doc,
        ut1_0.rol_id,
        ut1_0.telefono,
        ut1_0.tienda_id,
        ut1_0.tipo_doc,
        ut1_0.ultimo_acceso_en 
    from
        usuarios_tienda ut1_0 
    where
        (
            ut1_0.activo = 1
        ) 
        and ut1_0.correo=?
Hibernate: 
    select
        us1_0.sede_id,
        us1_0.usuario_id,
        us1_0.es_sede_principal 
    from
        usuario_sedes us1_0 
    where
        us1_0.usuario_id=?
Hibernate: 
    select
        us1_0.sede_id,
        us1_0.usuario_id,
        us1_0.es_sede_principal 
    from
        usuario_sedes us1_0 
    where
        (
            us1_0.sede_id, us1_0.usuario_id
        ) in ((?, ?))
Hibernate: 
    select
        s1_0.id,
        s1_0.activo,
        s1_0.actualizado_en,
        s1_0.codigo_interno,
        s1_0.creado_en,
        s1_0.direccion,
        s1_0.distrito_id,
        s1_0.eliminado_en,
        s1_0.es_principal,
        s1_0.nombre,
        s1_0.telefono,
        s1_0.tienda_id 
    from
        sedes s1_0 
    where
        (
            s1_0.eliminado_en IS NULL
        ) 
        and s1_0.id in (?) 
        and s1_0.activo
Hibernate: 
    select
        s1_0.id,
        s1_0.activo,
        s1_0.actualizado_en,
        s1_0.codigo_interno,
        s1_0.creado_en,
        s1_0.direccion,
        s1_0.distrito_id,
        s1_0.eliminado_en,
        s1_0.es_principal,
        s1_0.nombre,
        s1_0.telefono,
        s1_0.tienda_id 
    from
        sedes s1_0 
    where
        s1_0.id=? 
        and (
            s1_0.eliminado_en IS NULL
        )
Hibernate: 
    select
        r1_0.id,
        r1_0.cantidad_requerida,
        r1_0.creado_en,
        r1_0.insumo_id,
        r1_0.notas_preparacion,
        r1_0.producto_id,
        r1_0.tienda_id,
        r1_0.unidad_medida 
    from
        recetas r1_0 
    where
        r1_0.tienda_id=?
Hibernate: 
    select
        ut1_0.id,
        ut1_0.activo,
        ut1_0.actualizado_en,
        ut1_0.correo,
        ut1_0.creado_en,
        ut1_0.eliminado_en,
        ut1_0.hash_contrasena,
        ut1_0.nombres_doc,
        ut1_0.numero_doc,
        ut1_0.rol_id,
        ut1_0.telefono,
        ut1_0.tienda_id,
        ut1_0.tipo_doc,
        ut1_0.ultimo_acceso_en 
    from
        usuarios_tienda ut1_0 
    where
        (
            ut1_0.activo = 1
        ) 
        and ut1_0.correo=?
Hibernate: 
    select
        ut1_0.id,
        ut1_0.activo,
        ut1_0.actualizado_en,
        ut1_0.correo,
        ut1_0.creado_en,
        ut1_0.eliminado_en,
        ut1_0.hash_contrasena,
        ut1_0.nombres_doc,
        ut1_0.numero_doc,
        ut1_0.rol_id,
        ut1_0.telefono,
        ut1_0.tienda_id,
        ut1_0.tipo_doc,
        ut1_0.ultimo_acceso_en 
    from
        usuarios_tienda ut1_0 
    where
        (
            ut1_0.activo = 1
        ) 
        and ut1_0.correo=?
Hibernate: 
    select
        ut1_0.id,
        ut1_0.activo,
        ut1_0.actualizado_en,
        ut1_0.correo,
        ut1_0.creado_en,
        ut1_0.eliminado_en,
        ut1_0.hash_contrasena,
        ut1_0.nombres_doc,
        ut1_0.numero_doc,
        ut1_0.rol_id,
        ut1_0.telefono,
        ut1_0.tienda_id,
        ut1_0.tipo_doc,
        ut1_0.ultimo_acceso_en 
    from
        usuarios_tienda ut1_0 
    where
        (
            ut1_0.activo = 1
        ) 
        and ut1_0.correo=?
Hibernate: 
    select
        ut1_0.id,
        ut1_0.activo,
        ut1_0.actualizado_en,
        ut1_0.correo,
        ut1_0.creado_en,
        ut1_0.eliminado_en,
        ut1_0.hash_contrasena,
        ut1_0.nombres_doc,
        ut1_0.numero_doc,
        ut1_0.rol_id,
        ut1_0.telefono,
        ut1_0.tienda_id,
        ut1_0.tipo_doc,
        ut1_0.ultimo_acceso_en 
    from
        usuarios_tienda ut1_0 
    where
        (
            ut1_0.activo = 1
        ) 
        and ut1_0.correo=?
Hibernate: 
    select
        us1_0.sede_id,
        us1_0.usuario_id,
        us1_0.es_sede_principal 
    from
        usuario_sedes us1_0 
    where
        (
            us1_0.sede_id, us1_0.usuario_id
        ) in ((?, ?))
Hibernate: 
    select
        us1_0.sede_id,
        us1_0.usuario_id,
        us1_0.es_sede_principal 
    from
        usuario_sedes us1_0 
    where
        (
            us1_0.sede_id, us1_0.usuario_id
        ) in ((?, ?))
Hibernate: 
    select
        s1_0.id,
        s1_0.activo,
        s1_0.actualizado_en,
        s1_0.codigo_interno,
        s1_0.creado_en,
        s1_0.direccion,
        s1_0.distrito_id,
        s1_0.eliminado_en,
        s1_0.es_principal,
        s1_0.nombre,
        s1_0.telefono,
        s1_0.tienda_id 
    from
        sedes s1_0 
    where
        s1_0.id=? 
        and (
            s1_0.eliminado_en IS NULL
        )
Hibernate: 
    select
        s1_0.id,
        s1_0.activo,
        s1_0.actualizado_en,
        s1_0.codigo_interno,
        s1_0.creado_en,
        s1_0.direccion,
        s1_0.distrito_id,
        s1_0.eliminado_en,
        s1_0.es_principal,
        s1_0.nombre,
        s1_0.telefono,
        s1_0.tienda_id 
    from
        sedes s1_0 
    where
        s1_0.id=? 
        and (
            s1_0.eliminado_en IS NULL
        )
Hibernate: 
    select
        p1_0.id,
        p1_0.activo,
        p1_0.actualizado_en,
        p1_0.atributos,
        p1_0.categoria_id,
        p1_0.creado_en,
        p1_0.descripcion,
        p1_0.destacado_storefront,
        p1_0.es_personalizable,
        p1_0.imagenes_galeria,
        p1_0.nombre,
        p1_0.precio_base_centimos,
        p1_0.precio_oferta_centimos,
        p1_0.sku,
        p1_0.slug,
        p1_0.tienda_id,
        p1_0.tipo,
        p1_0.url_imagen_principal,
        p1_0.visible_en_pos,
        p1_0.visible_en_storefront 
    from
        productos p1_0 
    where
        (
            p1_0.activo = 1
        ) 
        and p1_0.tienda_id=? 
    order by
        p1_0.nombre
Hibernate: 
    select
        c1_0.id,
        c1_0.activa,
        c1_0.creado_en,
        c1_0.descripcion,
        c1_0.icono,
        c1_0.nombre,
        c1_0.orden_visual,
        c1_0.slug,
        c1_0.tienda_id,
        c1_0.url_imagen 
    from
        categorias c1_0 
    where
        c1_0.id=? 
        and (
            c1_0.activa = 1
        )
Hibernate: 
    select
        c1_0.id,
        c1_0.activa,
        c1_0.creado_en,
        c1_0.descripcion,
        c1_0.icono,
        c1_0.nombre,
        c1_0.orden_visual,
        c1_0.slug,
        c1_0.tienda_id,
        c1_0.url_imagen 
    from
        categorias c1_0 
    where
        c1_0.id=? 
        and (
            c1_0.activa = 1
        )
Hibernate: 
    select
        c1_0.id,
        c1_0.activa,
        c1_0.creado_en,
        c1_0.descripcion,
        c1_0.icono,
        c1_0.nombre,
        c1_0.orden_visual,
        c1_0.slug,
        c1_0.tienda_id,
        c1_0.url_imagen 
    from
        categorias c1_0 
    where
        c1_0.id=? 
        and (
            c1_0.activa = 1
        )
Hibernate: 
    select
        i1_0.id,
        i1_0.activo,
        i1_0.codigo_interno,
        i1_0.costo_promedio_unitario_centimos,
        i1_0.creado_en,
        i1_0.factor_conversion,
        i1_0.nombre,
        i1_0.stock_actual_global,
        i1_0.stock_minimo_global,
        i1_0.tienda_id,
        i1_0.ultimo_precio_compra_centimos,
        i1_0.unidad_base,
        i1_0.unidad_compra_habitual 
    from
        insumos i1_0
Hibernate: 
    select
        c1_0.id,
        c1_0.activa,
        c1_0.creado_en,
        c1_0.descripcion,
        c1_0.icono,
        c1_0.nombre,
        c1_0.orden_visual,
        c1_0.slug,
        c1_0.tienda_id,
        c1_0.url_imagen 
    from
        categorias c1_0 
    where
        c1_0.id=? 
        and (
            c1_0.activa = 1
        )
Hibernate: 
    select
        ut1_0.id,
        ut1_0.activo,
        ut1_0.actualizado_en,
        ut1_0.correo,
        ut1_0.creado_en,
        ut1_0.eliminado_en,
        ut1_0.hash_contrasena,
        ut1_0.nombres_doc,
        ut1_0.numero_doc,
        ut1_0.rol_id,
        ut1_0.telefono,
        ut1_0.tienda_id,
        ut1_0.tipo_doc,
        ut1_0.ultimo_acceso_en 
    from
        usuarios_tienda ut1_0 
    where
        (
            ut1_0.activo = 1
        ) 
        and ut1_0.correo=?
Hibernate: 
    select
        ut1_0.id,
        ut1_0.activo,
        ut1_0.actualizado_en,
        ut1_0.correo,
        ut1_0.creado_en,
        ut1_0.eliminado_en,
        ut1_0.hash_contrasena,
        ut1_0.nombres_doc,
        ut1_0.numero_doc,
        ut1_0.rol_id,
        ut1_0.telefono,
        ut1_0.tienda_id,
        ut1_0.tipo_doc,
        ut1_0.ultimo_acceso_en 
    from
        usuarios_tienda ut1_0 
    where
        (
            ut1_0.activo = 1
        ) 
        and ut1_0.correo=?
Hibernate: 
    select
        us1_0.sede_id,
        us1_0.usuario_id,
        us1_0.es_sede_principal 
    from
        usuario_sedes us1_0 
    where
        (
            us1_0.sede_id, us1_0.usuario_id
        ) in ((?, ?))
Hibernate: 
    select
        s1_0.id,
        s1_0.activo,
        s1_0.actualizado_en,
        s1_0.codigo_interno,
        s1_0.creado_en,
        s1_0.direccion,
        s1_0.distrito_id,
        s1_0.eliminado_en,
        s1_0.es_principal,
        s1_0.nombre,
        s1_0.telefono,
        s1_0.tienda_id 
    from
        sedes s1_0 
    where
        s1_0.id=? 
        and (
            s1_0.eliminado_en IS NULL
        )
Hibernate: 
    select
        r1_0.id 
    from
        recetas r1_0 
    where
        r1_0.tienda_id=? 
        and r1_0.producto_id=? 
        and r1_0.insumo_id=? 
    limit
        ?
Hibernate: 
    insert 
    into
        recetas
        (cantidad_requerida, creado_en, insumo_id, notas_preparacion, producto_id, tienda_id, unidad_medida) 
    values
        (?, ?, ?, ?, ?, ?, ?)
Hibernate: 
    select
        ut1_0.id,
        ut1_0.activo,
        ut1_0.actualizado_en,
        ut1_0.correo,
        ut1_0.creado_en,
        ut1_0.eliminado_en,
        ut1_0.hash_contrasena,
        ut1_0.nombres_doc,
        ut1_0.numero_doc,
        ut1_0.rol_id,
        ut1_0.telefono,
        ut1_0.tienda_id,
        ut1_0.tipo_doc,
        ut1_0.ultimo_acceso_en 
    from
        usuarios_tienda ut1_0 
    where
        (
            ut1_0.activo = 1
        ) 
        and ut1_0.correo=?
Hibernate: 
    select
        ut1_0.id,
        ut1_0.activo,
        ut1_0.actualizado_en,
        ut1_0.correo,
        ut1_0.creado_en,
        ut1_0.eliminado_en,
        ut1_0.hash_contrasena,
        ut1_0.nombres_doc,
        ut1_0.numero_doc,
        ut1_0.rol_id,
        ut1_0.telefono,
        ut1_0.tienda_id,
        ut1_0.tipo_doc,
        ut1_0.ultimo_acceso_en 
    from
        usuarios_tienda ut1_0 
    where
        (
            ut1_0.activo = 1
        ) 
        and ut1_0.correo=?
Hibernate: 
    select
        us1_0.sede_id,
        us1_0.usuario_id,
        us1_0.es_sede_principal 
    from
        usuario_sedes us1_0 
    where
        (
            us1_0.sede_id, us1_0.usuario_id
        ) in ((?, ?))
Hibernate: 
    select
        s1_0.id,
        s1_0.activo,
        s1_0.actualizado_en,
        s1_0.codigo_interno,
        s1_0.creado_en,
        s1_0.direccion,
        s1_0.distrito_id,
        s1_0.eliminado_en,
        s1_0.es_principal,
        s1_0.nombre,
        s1_0.telefono,
        s1_0.tienda_id 
    from
        sedes s1_0 
    where
        s1_0.id=? 
        and (
            s1_0.eliminado_en IS NULL
        )
Hibernate: 
    select
        r1_0.id,
        r1_0.cantidad_requerida,
        r1_0.creado_en,
        r1_0.insumo_id,
        r1_0.notas_preparacion,
        r1_0.producto_id,
        r1_0.tienda_id,
        r1_0.unidad_medida 
    from
        recetas r1_0 
    where
        r1_0.tienda_id=?
Hibernate: 
    select
        ut1_0.id,
        ut1_0.activo,
        ut1_0.actualizado_en,
        ut1_0.correo,
        ut1_0.creado_en,
        ut1_0.eliminado_en,
        ut1_0.hash_contrasena,
        ut1_0.nombres_doc,
        ut1_0.numero_doc,
        ut1_0.rol_id,
        ut1_0.telefono,
        ut1_0.tienda_id,
        ut1_0.tipo_doc,
        ut1_0.ultimo_acceso_en 
    from
        usuarios_tienda ut1_0 
    where
        (
            ut1_0.activo = 1
        ) 
        and ut1_0.correo=?
Hibernate: 
    select
        ut1_0.id,
        ut1_0.activo,
        ut1_0.actualizado_en,
        ut1_0.correo,
        ut1_0.creado_en,
        ut1_0.eliminado_en,
        ut1_0.hash_contrasena,
        ut1_0.nombres_doc,
        ut1_0.numero_doc,
        ut1_0.rol_id,
        ut1_0.telefono,
        ut1_0.tienda_id,
        ut1_0.tipo_doc,
        ut1_0.ultimo_acceso_en 
    from
        usuarios_tienda ut1_0 
    where
        (
            ut1_0.activo = 1
        ) 
        and ut1_0.correo=?
Hibernate: 
    select
        ut1_0.id,
        ut1_0.activo,
        ut1_0.actualizado_en,
        ut1_0.correo,
        ut1_0.creado_en,
        ut1_0.eliminado_en,
        ut1_0.hash_contrasena,
        ut1_0.nombres_doc,
        ut1_0.numero_doc,
        ut1_0.rol_id,
        ut1_0.telefono,
        ut1_0.tienda_id,
        ut1_0.tipo_doc,
        ut1_0.ultimo_acceso_en 
    from
        usuarios_tienda ut1_0 
    where
        (
            ut1_0.activo = 1
        ) 
        and ut1_0.correo=?
Hibernate: 
    select
        us1_0.sede_id,
        us1_0.usuario_id,
        us1_0.es_sede_principal 
    from
        usuario_sedes us1_0 
    where
        (
            us1_0.sede_id, us1_0.usuario_id
        ) in ((?, ?))
Hibernate: 
    select
        ut1_0.id,
        ut1_0.activo,
        ut1_0.actualizado_en,
        ut1_0.correo,
        ut1_0.creado_en,
        ut1_0.eliminado_en,
        ut1_0.hash_contrasena,
        ut1_0.nombres_doc,
        ut1_0.numero_doc,
        ut1_0.rol_id,
        ut1_0.telefono,
        ut1_0.tienda_id,
        ut1_0.tipo_doc,
        ut1_0.ultimo_acceso_en 
    from
        usuarios_tienda ut1_0 
    where
        (
            ut1_0.activo = 1
        ) 
        and ut1_0.correo=?
Hibernate: 
    select
        s1_0.id,
        s1_0.activo,
        s1_0.actualizado_en,
        s1_0.codigo_interno,
        s1_0.creado_en,
        s1_0.direccion,
        s1_0.distrito_id,
        s1_0.eliminado_en,
        s1_0.es_principal,
        s1_0.nombre,
        s1_0.telefono,
        s1_0.tienda_id 
    from
        sedes s1_0 
    where
        s1_0.id=? 
        and (
            s1_0.eliminado_en IS NULL
        )
Hibernate: 
    select
        us1_0.sede_id,
        us1_0.usuario_id,
        us1_0.es_sede_principal 
    from
        usuario_sedes us1_0 
    where
        (
            us1_0.sede_id, us1_0.usuario_id
        ) in ((?, ?))
Hibernate: 
    select
        s1_0.id,
        s1_0.activo,
        s1_0.actualizado_en,
        s1_0.codigo_interno,
        s1_0.creado_en,
        s1_0.direccion,
        s1_0.distrito_id,
        s1_0.eliminado_en,
        s1_0.es_principal,
        s1_0.nombre,
        s1_0.telefono,
        s1_0.tienda_id 
    from
        sedes s1_0 
    where
        s1_0.id=? 
        and (
            s1_0.eliminado_en IS NULL
        )
Hibernate: 
    select
        p1_0.id,
        p1_0.activo,
        p1_0.actualizado_en,
        p1_0.atributos,
        p1_0.categoria_id,
        p1_0.creado_en,
        p1_0.descripcion,
        p1_0.destacado_storefront,
        p1_0.es_personalizable,
        p1_0.imagenes_galeria,
        p1_0.nombre,
        p1_0.precio_base_centimos,
        p1_0.precio_oferta_centimos,
        p1_0.sku,
        p1_0.slug,
        p1_0.tienda_id,
        p1_0.tipo,
        p1_0.url_imagen_principal,
        p1_0.visible_en_pos,
        p1_0.visible_en_storefront 
    from
        productos p1_0 
    where
        (
            p1_0.activo = 1
        ) 
        and p1_0.tienda_id=? 
    order by
        p1_0.nombre
Hibernate: 
    select
        i1_0.id,
        i1_0.activo,
        i1_0.codigo_interno,
        i1_0.costo_promedio_unitario_centimos,
        i1_0.creado_en,
        i1_0.factor_conversion,
        i1_0.nombre,
        i1_0.stock_actual_global,
        i1_0.stock_minimo_global,
        i1_0.tienda_id,
        i1_0.ultimo_precio_compra_centimos,
        i1_0.unidad_base,
        i1_0.unidad_compra_habitual 
    from
        insumos i1_0
Hibernate: 
    select
        c1_0.id,
        c1_0.activa,
        c1_0.creado_en,
        c1_0.descripcion,
        c1_0.icono,
        c1_0.nombre,
        c1_0.orden_visual,
        c1_0.slug,
        c1_0.tienda_id,
        c1_0.url_imagen 
    from
        categorias c1_0 
    where
        c1_0.id=? 
        and (
            c1_0.activa = 1
        )
Hibernate: 
    select
        c1_0.id,
        c1_0.activa,
        c1_0.creado_en,
        c1_0.descripcion,
        c1_0.icono,
        c1_0.nombre,
        c1_0.orden_visual,
        c1_0.slug,
        c1_0.tienda_id,
        c1_0.url_imagen 
    from
        categorias c1_0 
    where
        c1_0.id=? 
        and (
            c1_0.activa = 1
        )
Hibernate: 
    select
        c1_0.id,
        c1_0.activa,
        c1_0.creado_en,
        c1_0.descripcion,
        c1_0.icono,
        c1_0.nombre,
        c1_0.orden_visual,
        c1_0.slug,
        c1_0.tienda_id,
        c1_0.url_imagen 
    from
        categorias c1_0 
    where
        c1_0.id=? 
        and (
            c1_0.activa = 1
        )
Hibernate: 
    select
        c1_0.id,
        c1_0.activa,
        c1_0.creado_en,
        c1_0.descripcion,
        c1_0.icono,
        c1_0.nombre,
        c1_0.orden_visual,
        c1_0.slug,
        c1_0.tienda_id,
        c1_0.url_imagen 
    from
        categorias c1_0 
    where
        c1_0.id=? 
        and (
            c1_0.activa = 1
        )
Hibernate: 
    select
        ut1_0.id,
        ut1_0.activo,
        ut1_0.actualizado_en,
        ut1_0.correo,
        ut1_0.creado_en,
        ut1_0.eliminado_en,
        ut1_0.hash_contrasena,
        ut1_0.nombres_doc,
        ut1_0.numero_doc,
        ut1_0.rol_id,
        ut1_0.telefono,
        ut1_0.tienda_id,
        ut1_0.tipo_doc,
        ut1_0.ultimo_acceso_en 
    from
        usuarios_tienda ut1_0 
    where
        (
            ut1_0.activo = 1
        ) 
        and ut1_0.correo=?
Hibernate: 
    select
        ut1_0.id,
        ut1_0.activo,
        ut1_0.actualizado_en,
        ut1_0.correo,
        ut1_0.creado_en,
        ut1_0.eliminado_en,
        ut1_0.hash_contrasena,
        ut1_0.nombres_doc,
        ut1_0.numero_doc,
        ut1_0.rol_id,
        ut1_0.telefono,
        ut1_0.tienda_id,
        ut1_0.tipo_doc,
        ut1_0.ultimo_acceso_en 
    from
        usuarios_tienda ut1_0 
    where
        (
            ut1_0.activo = 1
        ) 
        and ut1_0.correo=?
Hibernate: 
    select
        ut1_0.id,
        ut1_0.activo,
        ut1_0.actualizado_en,
        ut1_0.correo,
        ut1_0.creado_en,
        ut1_0.eliminado_en,
        ut1_0.hash_contrasena,
        ut1_0.nombres_doc,
        ut1_0.numero_doc,
        ut1_0.rol_id,
        ut1_0.telefono,
        ut1_0.tienda_id,
        ut1_0.tipo_doc,
        ut1_0.ultimo_acceso_en 
    from
        usuarios_tienda ut1_0 
    where
        (
            ut1_0.activo = 1
        ) 
        and ut1_0.correo=?
Hibernate: 
    select
        us1_0.sede_id,
        us1_0.usuario_id,
        us1_0.es_sede_principal 
    from
        usuario_sedes us1_0 
    where
        (
            us1_0.sede_id, us1_0.usuario_id
        ) in ((?, ?))
Hibernate: 
    select
        ut1_0.id,
        ut1_0.activo,
        ut1_0.actualizado_en,
        ut1_0.correo,
        ut1_0.creado_en,
        ut1_0.eliminado_en,
        ut1_0.hash_contrasena,
        ut1_0.nombres_doc,
        ut1_0.numero_doc,
        ut1_0.rol_id,
        ut1_0.telefono,
        ut1_0.tienda_id,
        ut1_0.tipo_doc,
        ut1_0.ultimo_acceso_en 
    from
        usuarios_tienda ut1_0 
    where
        (
            ut1_0.activo = 1
        ) 
        and ut1_0.correo=?
Hibernate: 
    select
        us1_0.sede_id,
        us1_0.usuario_id,
        us1_0.es_sede_principal 
    from
        usuario_sedes us1_0 
    where
        (
            us1_0.sede_id, us1_0.usuario_id
        ) in ((?, ?))
Hibernate: 
    select
        s1_0.id,
        s1_0.activo,
        s1_0.actualizado_en,
        s1_0.codigo_interno,
        s1_0.creado_en,
        s1_0.direccion,
        s1_0.distrito_id,
        s1_0.eliminado_en,
        s1_0.es_principal,
        s1_0.nombre,
        s1_0.telefono,
        s1_0.tienda_id 
    from
        sedes s1_0 
    where
        s1_0.id=? 
        and (
            s1_0.eliminado_en IS NULL
        )
Hibernate: 
    select
        s1_0.id,
        s1_0.activo,
        s1_0.actualizado_en,
        s1_0.codigo_interno,
        s1_0.creado_en,
        s1_0.direccion,
        s1_0.distrito_id,
        s1_0.eliminado_en,
        s1_0.es_principal,
        s1_0.nombre,
        s1_0.telefono,
        s1_0.tienda_id 
    from
        sedes s1_0 
    where
        s1_0.id=? 
        and (
            s1_0.eliminado_en IS NULL
        )
Hibernate: 
    select
        r1_0.id,
        r1_0.cantidad_requerida,
        r1_0.creado_en,
        r1_0.insumo_id,
        r1_0.notas_preparacion,
        r1_0.producto_id,
        r1_0.tienda_id,
        r1_0.unidad_medida 
    from
        recetas r1_0 
    where
        r1_0.tienda_id=?
Hibernate: 
    select
        ut1_0.id,
        ut1_0.activo,
        ut1_0.actualizado_en,
        ut1_0.correo,
        ut1_0.creado_en,
        ut1_0.eliminado_en,
        ut1_0.hash_contrasena,
        ut1_0.nombres_doc,
        ut1_0.numero_doc,
        ut1_0.rol_id,
        ut1_0.telefono,
        ut1_0.tienda_id,
        ut1_0.tipo_doc,
        ut1_0.ultimo_acceso_en 
    from
        usuarios_tienda ut1_0 
    where
        (
            ut1_0.activo = 1
        ) 
        and ut1_0.tienda_id=? 
        and ut1_0.correo=?
Hibernate: 
    select
        us1_0.sede_id,
        us1_0.usuario_id,
        us1_0.es_sede_principal 
    from
        usuario_sedes us1_0 
    where
        us1_0.usuario_id=?
Hibernate: 
    select
        s1_0.id,
        s1_0.activo,
        s1_0.actualizado_en,
        s1_0.codigo_interno,
        s1_0.creado_en,
        s1_0.direccion,
        s1_0.distrito_id,
        s1_0.eliminado_en,
        s1_0.es_principal,
        s1_0.nombre,
        s1_0.telefono,
        s1_0.tienda_id 
    from
        sedes s1_0 
    where
        (
            s1_0.eliminado_en IS NULL
        ) 
        and s1_0.id in (?) 
        and s1_0.activo
2025-12-02T18:23:17.256-05:00 ERROR 309067 --- [dulcecontrol-backend] [nio-2250-exec-3] o.a.c.c.C.[.[.[/].[dispatcherServlet]    : Servlet.service() for servlet [dispatcherServlet] in context with path [] threw exception [Filter execution threw an exception] with root cause

java.nio.file.NoSuchFileException: /home/svonccy/workspaces/dulcecontrol-panaderia/dulcecontrol-backend/target/dulcecontrol-backend-0.0.1-SNAPSHOT.jar
	at java.base/sun.nio.fs.UnixException.translateToIOException(UnixException.java:92) ~[na:na]
	at java.base/sun.nio.fs.UnixException.rethrowAsIOException(UnixException.java:106) ~[na:na]
	at java.base/sun.nio.fs.UnixException.rethrowAsIOException(UnixException.java:111) ~[na:na]
	at java.base/sun.nio.fs.UnixFileAttributeViews$Basic.readAttributes(UnixFileAttributeViews.java:55) ~[na:na]
	at java.base/sun.nio.fs.UnixFileSystemProvider.readAttributes(UnixFileSystemProvider.java:148) ~[na:na]
	at java.base/sun.nio.fs.LinuxFileSystemProvider.readAttributes(LinuxFileSystemProvider.java:99) ~[na:na]
	at java.base/java.nio.file.Files.readAttributes(Files.java:1851) ~[na:na]
	at java.base/java.util.zip.ZipFile$Source.get(ZipFile.java:1432) ~[na:na]
	at java.base/java.util.zip.ZipFile$CleanableResource.<init>(ZipFile.java:717) ~[na:na]
	at java.base/java.util.zip.ZipFile.<init>(ZipFile.java:251) ~[na:na]
	at java.base/java.util.zip.ZipFile.<init>(ZipFile.java:180) ~[na:na]
	at java.base/java.util.jar.JarFile.<init>(JarFile.java:346) ~[na:na]
	at java.base/java.util.jar.JarFile.<init>(JarFile.java:317) ~[na:na]
	at java.base/java.util.jar.JarFile.<init>(JarFile.java:283) ~[na:na]
	at org.springframework.boot.loader.jar.NestedJarFile.<init>(NestedJarFile.java:141) ~[dulcecontrol-backend-0.0.1-SNAPSHOT.jar:0.0.1-SNAPSHOT]
	at org.springframework.boot.loader.jar.NestedJarFile.<init>(NestedJarFile.java:124) ~[dulcecontrol-backend-0.0.1-SNAPSHOT.jar:0.0.1-SNAPSHOT]
	at org.springframework.boot.loader.net.protocol.jar.UrlNestedJarFile.<init>(UrlNestedJarFile.java:42) ~[dulcecontrol-backend-0.0.1-SNAPSHOT.jar:0.0.1-SNAPSHOT]
	at org.springframework.boot.loader.net.protocol.jar.UrlJarFileFactory.createJarFileForNested(UrlJarFileFactory.java:86) ~[dulcecontrol-backend-0.0.1-SNAPSHOT.jar:0.0.1-SNAPSHOT]
	at org.springframework.boot.loader.net.protocol.jar.UrlJarFileFactory.createJarFile(UrlJarFileFactory.java:55) ~[dulcecontrol-backend-0.0.1-SNAPSHOT.jar:0.0.1-SNAPSHOT]
	at org.springframework.boot.loader.net.protocol.jar.UrlJarFiles.getOrCreate(UrlJarFiles.java:72) ~[dulcecontrol-backend-0.0.1-SNAPSHOT.jar:0.0.1-SNAPSHOT]
	at org.springframework.boot.loader.net.protocol.jar.JarUrlConnection.connect(JarUrlConnection.java:289) ~[dulcecontrol-backend-0.0.1-SNAPSHOT.jar:0.0.1-SNAPSHOT]
	at org.springframework.boot.loader.net.protocol.jar.JarUrlConnection.getInputStream(JarUrlConnection.java:195) ~[dulcecontrol-backend-0.0.1-SNAPSHOT.jar:0.0.1-SNAPSHOT]
	at java.base/java.util.ServiceLoader$LazyClassPathLookupIterator.parse(ServiceLoader.java:1172) ~[na:na]
	at java.base/java.util.ServiceLoader$LazyClassPathLookupIterator.nextProviderClass(ServiceLoader.java:1213) ~[na:na]
	at java.base/java.util.ServiceLoader$LazyClassPathLookupIterator.hasNextService(ServiceLoader.java:1228) ~[na:na]
	at java.base/java.util.ServiceLoader$LazyClassPathLookupIterator.hasNext(ServiceLoader.java:1273) ~[na:na]
	at java.base/java.util.ServiceLoader$2.hasNext(ServiceLoader.java:1309) ~[na:na]
	at java.base/java.util.ServiceLoader$3.hasNext(ServiceLoader.java:1393) ~[na:na]
	at io.jsonwebtoken.impl.lang.Services.loadFirst(Services.java:110) ~[jjwt-impl-0.11.5.jar!/:0.11.5]
	at io.jsonwebtoken.impl.lang.Services.loadFirst(Services.java:100) ~[jjwt-impl-0.11.5.jar!/:0.11.5]
	at io.jsonwebtoken.impl.DefaultJwtParserBuilder.build(DefaultJwtParserBuilder.java:191) ~[jjwt-impl-0.11.5.jar!/:0.11.5]
	at com.dulcecontrol.bakery.security.JwtProvider.extraerClaims(JwtProvider.java:93) ~[!/:0.0.1-SNAPSHOT]
	at com.dulcecontrol.bakery.security.JwtProvider.validarToken(JwtProvider.java:100) ~[!/:0.0.1-SNAPSHOT]
	at com.dulcecontrol.bakery.security.JwtAuthenticationFilter.doFilterInternal(JwtAuthenticationFilter.java:51) ~[!/:0.0.1-SNAPSHOT]
	at org.springframework.web.filter.OncePerRequestFilter.doFilter(OncePerRequestFilter.java:116) ~[spring-web-6.2.10.jar!/:6.2.10]
	at org.springframework.security.web.ObservationFilterChainDecorator$ObservationFilter.wrapFilter(ObservationFilterChainDecorator.java:240) ~[spring-security-web-6.5.3.jar!/:6.5.3]
	at org.springframework.security.web.ObservationFilterChainDecorator$ObservationFilter.doFilter(ObservationFilterChainDecorator.java:227) ~[spring-security-web-6.5.3.jar!/:6.5.3]
	at org.springframework.security.web.ObservationFilterChainDecorator$VirtualFilterChain.doFilter(ObservationFilterChainDecorator.java:137) ~[spring-security-web-6.5.3.jar!/:6.5.3]
	at org.springframework.security.web.authentication.logout.LogoutFilter.doFilter(LogoutFilter.java:107) ~[spring-security-web-6.5.3.jar!/:6.5.3]
	at org.springframework.security.web.authentication.logout.LogoutFilter.doFilter(LogoutFilter.java:93) ~[spring-security-web-6.5.3.jar!/:6.5.3]
	at org.springframework.security.web.ObservationFilterChainDecorator$ObservationFilter.wrapFilter(ObservationFilterChainDecorator.java:240) ~[spring-security-web-6.5.3.jar!/:6.5.3]
	at org.springframework.security.web.ObservationFilterChainDecorator$ObservationFilter.doFilter(ObservationFilterChainDecorator.java:227) ~[spring-security-web-6.5.3.jar!/:6.5.3]
	at org.springframework.security.web.ObservationFilterChainDecorator$VirtualFilterChain.doFilter(ObservationFilterChainDecorator.java:137) ~[spring-security-web-6.5.3.jar!/:6.5.3]
	at org.springframework.web.filter.CorsFilter.doFilterInternal(CorsFilter.java:91) ~[spring-web-6.2.10.jar!/:6.2.10]
	at org.springframework.web.filter.OncePerRequestFilter.doFilter(OncePerRequestFilter.java:116) ~[spring-web-6.2.10.jar!/:6.2.10]
	at org.springframework.security.web.ObservationFilterChainDecorator$ObservationFilter.wrapFilter(ObservationFilterChainDecorator.java:240) ~[spring-security-web-6.5.3.jar!/:6.5.3]
	at org.springframework.security.web.ObservationFilterChainDecorator$ObservationFilter.doFilter(ObservationFilterChainDecorator.java:227) ~[spring-security-web-6.5.3.jar!/:6.5.3]
	at org.springframework.security.web.ObservationFilterChainDecorator$VirtualFilterChain.doFilter(ObservationFilterChainDecorator.java:137) ~[spring-security-web-6.5.3.jar!/:6.5.3]
	at org.springframework.security.web.header.HeaderWriterFilter.doHeadersAfter(HeaderWriterFilter.java:90) ~[spring-security-web-6.5.3.jar!/:6.5.3]
	at org.springframework.security.web.header.HeaderWriterFilter.doFilterInternal(HeaderWriterFilter.java:75) ~[spring-security-web-6.5.3.jar!/:6.5.3]
	at org.springframework.web.filter.OncePerRequestFilter.doFilter(OncePerRequestFilter.java:116) ~[spring-web-6.2.10.jar!/:6.2.10]
	at org.springframework.security.web.ObservationFilterChainDecorator$ObservationFilter.wrapFilter(ObservationFilterChainDecorator.java:240) ~[spring-security-web-6.5.3.jar!/:6.5.3]
	at org.springframework.security.web.ObservationFilterChainDecorator$ObservationFilter.doFilter(ObservationFilterChainDecorator.java:227) ~[spring-security-web-6.5.3.jar!/:6.5.3]
	at org.springframework.security.web.ObservationFilterChainDecorator$VirtualFilterChain.doFilter(ObservationFilterChainDecorator.java:137) ~[spring-security-web-6.5.3.jar!/:6.5.3]
	at org.springframework.security.web.context.SecurityContextHolderFilter.doFilter(SecurityContextHolderFilter.java:82) ~[spring-security-web-6.5.3.jar!/:6.5.3]
	at org.springframework.security.web.context.SecurityContextHolderFilter.doFilter(SecurityContextHolderFilter.java:69) ~[spring-security-web-6.5.3.jar!/:6.5.3]
	at org.springframework.security.web.ObservationFilterChainDecorator$ObservationFilter.wrapFilter(ObservationFilterChainDecorator.java:240) ~[spring-security-web-6.5.3.jar!/:6.5.3]
	at org.springframework.security.web.ObservationFilterChainDecorator$ObservationFilter.doFilter(ObservationFilterChainDecorator.java:227) ~[spring-security-web-6.5.3.jar!/:6.5.3]
	at org.springframework.security.web.ObservationFilterChainDecorator$VirtualFilterChain.doFilter(ObservationFilterChainDecorator.java:137) ~[spring-security-web-6.5.3.jar!/:6.5.3]
	at org.springframework.security.web.context.request.async.WebAsyncManagerIntegrationFilter.doFilterInternal(WebAsyncManagerIntegrationFilter.java:62) ~[spring-security-web-6.5.3.jar!/:6.5.3]
	at org.springframework.web.filter.OncePerRequestFilter.doFilter(OncePerRequestFilter.java:116) ~[spring-web-6.2.10.jar!/:6.2.10]
	at org.springframework.security.web.ObservationFilterChainDecorator$ObservationFilter.wrapFilter(ObservationFilterChainDecorator.java:240) ~[spring-security-web-6.5.3.jar!/:6.5.3]
	at org.springframework.security.web.ObservationFilterChainDecorator$ObservationFilter.doFilter(ObservationFilterChainDecorator.java:227) ~[spring-security-web-6.5.3.jar!/:6.5.3]
	at org.springframework.security.web.ObservationFilterChainDecorator$VirtualFilterChain.doFilter(ObservationFilterChainDecorator.java:137) ~[spring-security-web-6.5.3.jar!/:6.5.3]
	at org.springframework.security.web.session.DisableEncodeUrlFilter.doFilterInternal(DisableEncodeUrlFilter.java:42) ~[spring-security-web-6.5.3.jar!/:6.5.3]
	at org.springframework.web.filter.OncePerRequestFilter.doFilter(OncePerRequestFilter.java:116) ~[spring-web-6.2.10.jar!/:6.2.10]
	at org.springframework.security.web.ObservationFilterChainDecorator$ObservationFilter.wrapFilter(ObservationFilterChainDecorator.java:240) ~[spring-security-web-6.5.3.jar!/:6.5.3]
	at org.springframework.security.web.ObservationFilterChainDecorator$AroundFilterObservation$SimpleAroundFilterObservation.lambda$wrap$0(ObservationFilterChainDecorator.java:323) ~[spring-security-web-6.5.3.jar!/:6.5.3]
	at org.springframework.security.web.ObservationFilterChainDecorator$ObservationFilter.doFilter(ObservationFilterChainDecorator.java:224) ~[spring-security-web-6.5.3.jar!/:6.5.3]
	at org.springframework.security.web.ObservationFilterChainDecorator$VirtualFilterChain.doFilter(ObservationFilterChainDecorator.java:137) ~[spring-security-web-6.5.3.jar!/:6.5.3]
	at org.springframework.security.web.FilterChainProxy.doFilterInternal(FilterChainProxy.java:233) ~[spring-security-web-6.5.3.jar!/:6.5.3]
	at org.springframework.security.web.FilterChainProxy.doFilter(FilterChainProxy.java:191) ~[spring-security-web-6.5.3.jar!/:6.5.3]
	at org.springframework.web.filter.CompositeFilter$VirtualFilterChain.doFilter(CompositeFilter.java:113) ~[spring-web-6.2.10.jar!/:6.2.10]
	at org.springframework.web.filter.ServletRequestPathFilter.doFilter(ServletRequestPathFilter.java:52) ~[spring-web-6.2.10.jar!/:6.2.10]
	at org.springframework.web.filter.CompositeFilter$VirtualFilterChain.doFilter(CompositeFilter.java:113) ~[spring-web-6.2.10.jar!/:6.2.10]
	at org.springframework.web.filter.CompositeFilter.doFilter(CompositeFilter.java:74) ~[spring-web-6.2.10.jar!/:6.2.10]
	at org.springframework.security.config.annotation.web.configuration.WebSecurityConfiguration$CompositeFilterChainProxy.doFilter(WebSecurityConfiguration.java:319) ~[spring-security-config-6.5.3.jar!/:6.5.3]
	at org.springframework.web.filter.CompositeFilter$VirtualFilterChain.doFilter(CompositeFilter.java:113) ~[spring-web-6.2.10.jar!/:6.2.10]
	at org.springframework.web.servlet.handler.HandlerMappingIntrospector.lambda$createCacheFilter$4(HandlerMappingIntrospector.java:267) ~[spring-webmvc-6.2.10.jar!/:6.2.10]
	at org.springframework.web.filter.CompositeFilter$VirtualFilterChain.doFilter(CompositeFilter.java:113) ~[spring-web-6.2.10.jar!/:6.2.10]
	at org.springframework.web.filter.CompositeFilter.doFilter(CompositeFilter.java:74) ~[spring-web-6.2.10.jar!/:6.2.10]
	at org.springframework.security.config.annotation.web.configuration.WebMvcSecurityConfiguration$CompositeFilterChainProxy.doFilter(WebMvcSecurityConfiguration.java:240) ~[spring-security-config-6.5.3.jar!/:6.5.3]
	at org.springframework.web.filter.DelegatingFilterProxy.invokeDelegate(DelegatingFilterProxy.java:362) ~[spring-web-6.2.10.jar!/:6.2.10]
	at org.springframework.web.filter.DelegatingFilterProxy.doFilter(DelegatingFilterProxy.java:278) ~[spring-web-6.2.10.jar!/:6.2.10]
	at org.apache.catalina.core.ApplicationFilterChain.internalDoFilter(ApplicationFilterChain.java:164) ~[tomcat-embed-core-10.1.44.jar!/:na]
	at org.apache.catalina.core.ApplicationFilterChain.doFilter(ApplicationFilterChain.java:140) ~[tomcat-embed-core-10.1.44.jar!/:na]
	at org.springframework.web.filter.RequestContextFilter.doFilterInternal(RequestContextFilter.java:100) ~[spring-web-6.2.10.jar!/:6.2.10]
	at org.springframework.web.filter.OncePerRequestFilter.doFilter(OncePerRequestFilter.java:116) ~[spring-web-6.2.10.jar!/:6.2.10]
	at org.apache.catalina.core.ApplicationFilterChain.internalDoFilter(ApplicationFilterChain.java:164) ~[tomcat-embed-core-10.1.44.jar!/:na]
	at org.apache.catalina.core.ApplicationFilterChain.doFilter(ApplicationFilterChain.java:140) ~[tomcat-embed-core-10.1.44.jar!/:na]
	at org.springframework.web.filter.FormContentFilter.doFilterInternal(FormContentFilter.java:93) ~[spring-web-6.2.10.jar!/:6.2.10]
	at org.springframework.web.filter.OncePerRequestFilter.doFilter(OncePerRequestFilter.java:116) ~[spring-web-6.2.10.jar!/:6.2.10]
	at org.apache.catalina.core.ApplicationFilterChain.internalDoFilter(ApplicationFilterChain.java:164) ~[tomcat-embed-core-10.1.44.jar!/:na]
	at org.apache.catalina.core.ApplicationFilterChain.doFilter(ApplicationFilterChain.java:140) ~[tomcat-embed-core-10.1.44.jar!/:na]
	at org.springframework.web.filter.ServerHttpObservationFilter.doFilterInternal(ServerHttpObservationFilter.java:110) ~[spring-web-6.2.10.jar!/:6.2.10]
	at org.springframework.web.filter.OncePerRequestFilter.doFilter(OncePerRequestFilter.java:116) ~[spring-web-6.2.10.jar!/:6.2.10]
	at org.apache.catalina.core.ApplicationFilterChain.internalDoFilter(ApplicationFilterChain.java:164) ~[tomcat-embed-core-10.1.44.jar!/:na]
	at org.apache.catalina.core.ApplicationFilterChain.doFilter(ApplicationFilterChain.java:140) ~[tomcat-embed-core-10.1.44.jar!/:na]
	at org.springframework.web.filter.CharacterEncodingFilter.doFilterInternal(CharacterEncodingFilter.java:201) ~[spring-web-6.2.10.jar!/:6.2.10]
	at org.springframework.web.filter.OncePerRequestFilter.doFilter(OncePerRequestFilter.java:116) ~[spring-web-6.2.10.jar!/:6.2.10]
	at org.apache.catalina.core.ApplicationFilterChain.internalDoFilter(ApplicationFilterChain.java:164) ~[tomcat-embed-core-10.1.44.jar!/:na]
	at org.apache.catalina.core.ApplicationFilterChain.doFilter(ApplicationFilterChain.java:140) ~[tomcat-embed-core-10.1.44.jar!/:na]
	at org.apache.catalina.core.StandardWrapperValve.invoke(StandardWrapperValve.java:167) ~[tomcat-embed-core-10.1.44.jar!/:na]
	at org.apache.catalina.core.StandardContextValve.invoke(StandardContextValve.java:90) ~[tomcat-embed-core-10.1.44.jar!/:na]
	at org.apache.catalina.authenticator.AuthenticatorBase.invoke(AuthenticatorBase.java:483) ~[tomcat-embed-core-10.1.44.jar!/:na]
	at org.apache.catalina.core.StandardHostValve.invoke(StandardHostValve.java:116) ~[tomcat-embed-core-10.1.44.jar!/:na]
	at org.apache.catalina.valves.ErrorReportValve.invoke(ErrorReportValve.java:93) ~[tomcat-embed-core-10.1.44.jar!/:na]
	at org.apache.catalina.core.StandardEngineValve.invoke(StandardEngineValve.java:74) ~[tomcat-embed-core-10.1.44.jar!/:na]
	at org.apache.catalina.connector.CoyoteAdapter.service(CoyoteAdapter.java:344) ~[tomcat-embed-core-10.1.44.jar!/:na]
	at org.apache.coyote.http11.Http11Processor.service(Http11Processor.java:398) ~[tomcat-embed-core-10.1.44.jar!/:na]
	at org.apache.coyote.AbstractProcessorLight.process(AbstractProcessorLight.java:63) ~[tomcat-embed-core-10.1.44.jar!/:na]
	at org.apache.coyote.AbstractProtocol$ConnectionHandler.process(AbstractProtocol.java:903) ~[tomcat-embed-core-10.1.44.jar!/:na]
	at org.apache.tomcat.util.net.NioEndpoint$SocketProcessor.doRun(NioEndpoint.java:1769) ~[tomcat-embed-core-10.1.44.jar!/:na]
	at org.apache.tomcat.util.net.SocketProcessorBase.run(SocketProcessorBase.java:52) ~[tomcat-embed-core-10.1.44.jar!/:na]
	at org.apache.tomcat.util.threads.ThreadPoolExecutor.runWorker(ThreadPoolExecutor.java:1189) ~[tomcat-embed-core-10.1.44.jar!/:na]
	at org.apache.tomcat.util.threads.ThreadPoolExecutor$Worker.run(ThreadPoolExecutor.java:658) ~[tomcat-embed-core-10.1.44.jar!/:na]
	at org.apache.tomcat.util.threads.TaskThread$WrappingRunnable.run(TaskThread.java:63) ~[tomcat-embed-core-10.1.44.jar!/:na]
	at java.base/java.lang.Thread.run(Thread.java:840) ~[na:na]

